Update,PUBLICATION,,PRICE,DA,DR,GENRE,TAT,SPONSORED,INDEXED,DOFOLLOW,REGION / LOCATION,EROTIC,HEALTH,CBD,CRYPTO,GAMBLING
WRITING COST IS INCLUDED,,,,,,,,,,,,,,,,
,LA Collide ,,$75,7,11,News,1-3 Days,N,Y,N,LOS ANGELES,,,Y,Y,
,LA Entertainment Weekly,,$75,63,12,News,1-3 Days,N,Y,N,LOS ANGELES,,,Y,Y,
,Hood Critic,,$75,11,21,Music,1-3 Days,N,Y,Y,GLOBAL,,Y,Y,Y,Y
,NY Times Mag,,$75,8,27,News,1 Day,N,Y,N,NEW YORK,Y,Y,Y,Y,Y
,Cali Post,,$75,60,55,Music/News,1-3 Days,N,Y,Y,CALIFORNIA,Y,Y,Y,Y,Y
,Daily Scanner,,$75,67,59,News,1 Day,N,Y,N,GLOBAL,,Y,Y,Y,Y
,Medium ,,$75,95,94,News,1 Day,N,N,N,GLOBAL,,Y,Y,Y,Y
,Self Growth,,$80,63,77,News,1 Week,N,Y,N,GLOBAL,,Y,Y,Y,Y
,Vents Magazine,,$80,64,77,Lifestlye,1 Week,N,Y,Y,GLOBAL,x4 Cost,x4 Cost,x4 Cost,x4 Cost,x4 Cost
,Foreign Affairs Observers,,$100,42,57,News,1-3 Days,N,Y,Y,UNITED STATES,,,,,
,CEO Magazine,,$100,38,1,News,1-3 Days,Discrete,Y,Y,UNITED STATES,,,,,
,Exec Magazine,,$100,38,1,News,1-3 Days,Discrete,Y,Y,UNITED STATES,,,,,
,Boss Today,,$100,38,1,News,1-3 Days,Discrete,Y,Y,UNITED STATES,,,,,
,NY Magazine,,$100,37,1,News,1-3 Days,Discrete,Y,Y,UNITED STATES,,,,,
,VC Magazine,,$100,39,1,News,1-3 Days,Discrete,Y,Y,UNITED STATES,,,,,
,Restaurant Portals,,$100,62,12,Web 3,3-5 Days,N,Y,Y,UNITED STATES,,,,,
,Crypto Nexa,,$100,56,38,Lifestyle,3-5 Days,N,Y,Y,GLOBAL,,,,Y,
,Restaurant WebX,,$100,60,43,Lifestyle,3-5 Days,N,Y,Y,UNITED STATES,,,,,
,Restaurant Web Experts,,$100,62,53,Lifestyle,3-5 Days,N,Y,Y,UNITED STATES,,,,,
,Resto Guides,,$100,64,21,Lifestyle,3-5 Days,N,Y,Y,UNITED STATES,,,,,
,Restaurant Web Expert,,$100,62,51,Lifestyle,3-5 Days,N,Y,Y,UNITED STATES,,,,,
,Restaurant Snapshot,,$100,63,53,Lifestyle,3-5 Days,N,Y,Y,UNITED STATES,,,,,
,Cooking Instilettos,,$100,67,55,Lifestyle,3-5 Days,N,Y,Y,UNITED STATES,,,,,
,Mark Meets,,$100,68,72,Music,1 Day,N,Y,Y,UNITED KINGDOM,,,,,
,Tech Bullion,,$100,63,78,Tech,1 Week,N,Y,Y,UNITED STATES,,Y,,,
,Hamptons Weekly,,$100,64,1,News,3-5 Days,Discreet,Y,N,NEW YORK,,,Y,Y,
,Richest Magazine,,$100,58,1.5,News,3-5 Days,Discreet,Y,N,GLOBAL,,,Y,Y,
,Weed Times,,$100,58,2.3,News,3-5 Days,Discreet,Y,N,GLOBAL,,,Y,Y,
,Cali Weekly,,$100,59,6,Lifestyle,3-5 Days,Discreet,Y,N,CALIFORNIA,,,Y,Y,
,Miami Weekly,,$100,57,63,News,1-3 Days,Discreet,Y,N,FLORIDA,,,Y,Y,
,LA Voice,,$100,63,6,News,3-5 Days,Discrete,Y,N,CALIFORNIA,,,Y,Y,
,LA Examiner,,$100,61,18,News,3-5 Days,Discrete,Y,N,CALIFORNIA,,,Y,Y,
,Opulence Magazine,,$100,38,31,News,3 Days,N,Y,Y,UNITED KINGDOM,,,,,
,Ravish Magazine,,$100,56,54,News,3 Days,N,Y,Y,UNITED KINGDOM,,,,,
,Platter Share,,$100,56,34,Lifestyle,3 Days,N,Y,Y,UNITED STATES,,,,,
,Home Design Looks,,$100,51,49,Real Estate,3-5 Days,N,Y,Y,UNITED STATES,,,,,
,The Pinnacle List,,$100,54,59,News,3 Days,N,Y,Y,UNITED STATES,,,,,
,Explainopedia,,$100,24,50,News,3 Days,N,Y,Y,UNITED STATES,,,,,
,Ignite Magazine,,$100,37,26,News,3 Days,N,Y,Y,UNITED KINGDOM,,,,,
,Futuristic Architecture,,$100,77,62,Real Estate,3 Days,N,Y,Y,UNITED STATES,,,,,
,LIT. Magazine,,$100,37,27,News,3 Days,N,Y,Y,UNITED KINGDOM,,,,,
,Momma Cuisine,,$100,34,37,Lifestyle,3 Days,N,Y,Y,UNITED STATES,,,,,
,Mom Blog Society,,$100,37,63,Lifestyle,3 Days,N,Y,Y,UNITED STATES,,,,,
,GISuser,,$100,50,68,Tech,3 Days,N,Y,Y,UNITED STATES,,,,,
,The Bragging Mommy,,$100,37,51,Lifestyle,3-5 Days,N,Y,Y,UNITED STATES,,Y,,,
,Curious Mind Magazine,,$100,64,56,News,3-5 Days,N,Y,Y,UNITED STATES,,Y,Y,,
,News Today,,$100,66,31,News,3-5 Days,N,Y,Y,UNITED KINGDOM,,,,,
,Fox Interviewer,,$100,58,57,News,1 Days,N,Y,N,GLOBAL,Y,Y,Y,Y,Y
,The Sustainable Post,,$100,62,1,News,3 Days,N,Y,Y,UNITED STATES,,x3 Cost,x3 Cost,x3 Cost,x3 Cost
,The Texas Developer,,$100,57,52,News,3 Days,N,Y,Y,TEXAS,,x3 Cost,x3 Cost,x3 Cost,x3 Cost
,MetaPress,,$100,77,81,News,1-3 Days,N,Y,Y,UNITED STATES,,Y,Y,Y,Y
,Dubai Weekly,,$100,62,1,News,3 Days,N,Y,Y,MIDDLE EAST,,,,x3 Cost,
,The Influence Journal,,$100,60,5,News,3 Days,N,Y,Y,GLOBAL,x3 Cost,x3 Cost,x3 Cost,x3 Cost,x3 Cost
,Elite Music News,,$100,51,17,Music,1-3 Days,N,Y,Y,GLOBAL,,x3 Cost,x3 Cost,x3 Cost,x3 Cost
,West Hollywood Weekly,,$100,56,19,Lifestyle,3-5 Days,N,Y,Y,CALIFORNIA,x3 Cost,x3 Cost,x3 Cost,x3 Cost,x3 Cost
,Huff Mag,,$100,62,33,News,1 Day,N,Y,N,GLOBAL,Y,Y,Y,Y,Y
,The Beverly Weekly,,$100,62,38,Lifestyle,3-5 Days,N,Y,Y,CALIFORNIA,,x3 Cost,x3 Cost,x3 Cost,x3 Cost
,Elite Property News,,$100,60,42,Real Estate,3-5 Days,N,Y,Y,GLOBAL,,x3 Cost,x3 Cost,x3 Cost,x3 Cost
,The Influential,,$100,62,42,Lifestyle,3 Days,N,Y,Y,GLOBAL,,x3 Cost,x3 Cost,x3 Cost,x3 Cost
,Elite Luxury News,,$100,62,42,Luxury,1-3 Days,N,Y,Y,UNITED STATES,,x3 Cost,x3 Cost,x3 Cost,x3 Cost
,Broke & Chic,,$100,35,45,News,1-3 Days,N,Y,M,GLOBAL,,Y,Y,Y,
,Muzique Magazine,,$100,55,53,Music,1-3 Days,N,Y,N,GLOBAL,Y,Y,Y,Y,Y
,Luxury Miami Magazine,,$100,1,35,Luxury,2-3 Days,N,Y,N,FLORIDA,,,,,
,CEO Official Mag,,$100,1,35,Business,2-3 Days,N,Y,N,UNITED STATES,,,,,
,Health Living House,,$125,37,19,News,1-3 Days,N,Y,Y,UNITED STATES,,,,,
,Providr,,$125,71,45,News,1-3 Days,N,Y,Y,UNITED STATES,,,,,
,The Power of Silence,,$125,46,42,News,1-3 Days,N,Y,Y,UNITED STATES,,,,,
,Rosepedia,,$125,25,35,Lifestyle,3-5 Days,N,Y,Y,UNITED KINGDOM,,,,,
,Diet of Life,,$125,46,38,News,1-3 Days,N,Y,Y,UNITED STATES,,,,,
,London Webcam,,$125,20,47,News,3-5 Days,N,Y,Y,UNITED KINGDOM,,,,,
,Health Mind Magazine,,$125,9,76,News,1-3 Days,N,Y,Y,UNITED STATES,,,,,
,Hangry Pants,,$125,25,35,Lifestyle,3-5 Days,N,Y,Y,UNITED KINGDOM,,,,,
,New Jersey Independent,,$125,16,37,Lifestyle,3-5 Days,N,Y,Y,NEW JERSEY,,,,,
,Entertainment Post,,$125,55,46,Entertainment,2-4 Days,Discreet,Y,Y,UNITED STATES,,,,,
,Economic Insider,,$125,55,50,Business/News,2-4 Days,Discreet,Y,Y,UNITED STATES,,,,,
,Texas Today,,$125,57,58,News,2-4 Days,Discreet,Y,Y,TEXAS,,,,,
,Networth.us,,$125,56,26,Business,2-4 Days,Discreet,Y,Y,UNITED STATES,,,,,
,US Business News,,$125,57,52,Lifestyle,2-4 Days,Discreet,Y,Y,UNITED STATES,,,,,
,Real Estate Today,,$125,18,43,Real Estate,2-4 Days,Discreet,Y,Y,GLOBAL,,,,,
,Miami Wire,,$125,17,44,News,2-4 Days,Discreet,Y,Y,MIAMI,,,,,
,Famous Times,,$125,60,47,Entertainment,2-4 Days,Discreet,Y,Y,UNITED STATES,,,,,
,US Insider,,$125,57,52,News,2-4 Days,Discreet,Y,Y,GLOBAL,,,,,
,NY Wire,,$125,56,54,News,2-4 Days,Discreet,Y,Y,NEW YORK,,,,,
,Influencer Daily,,$125,58,54,News,2-4 Days,Discreet,Y,Y,GLOBAL,,,,,
,Entertainment Monthly News,,$125,56,54,News,2-4 Days,Discreet,Y,Y,GLOBAL,,,,,
,Atlanta Wire,,$125,11,55,News,2-4 Days,Discreet,Y,Y,GEORGIA,,,,,
,Artist Weekly,,$125,55,55,Music,2-4 Days,Discreet,Y,Y,UNITED STATES,,,,,
,Chicago Journal,,$125,52,55,News,2-4 Days,Discreet,Y,Y,ILLINOIS,,,,,
,US Reporter,,$125,56,56,News,2-4 Days,Discreet,Y,Y,GLOBAL,,,,,
,Portland News,,$125,57,57,News,2-4 Days,Discreet,Y,Y,OREGON,,,,,
,Music Observer,,$125,60,60,News,2-4 Days,Discreet,Y,Y,GLOBAL,,,Y,,
,Voyage New York,,$125,56,61,News,2-4 Days,Discreet,Y,Y,NEW YORK,,,,,
,CEO Weekly,,$125,28,64,News,2-4 Days,Discreet,Y,Y,GLOBAL,,,,,
,LA Wire,,$125,57,65,News,2-4 Days,Discreet,Y,Y,LOS ANGELES,,,,,
,NY Weekly,,$125,57,74,News,2-4 Days,Discreet,Y,Y,NEW YORK,,,,,
,Celebrity News,,$125,53,49,Entertainment,2-4 Days,Discreet,Y,Y,UNITED STATES,,,,,
,World Reporter,,$125,56,53,News,2-4 Days,Discreet,Y,Y,UNITED STATES,,,,,
,BLK News,,$125,52,52,News,2-4 Days,Discreet,Y,Y,NEW YORK,,,,,
,Market Daily,,$125,59,46,Business,2-4 Days,Discreet,Y,Y,UNITED STATES,,,,,
,Wall Street Times,,$125,54,51,Business,2-4 Days,Discreet,Y,Y,NEW YORK,,,,,
,Women's Journal,,$125,55,55,Lifestyle,2-4 Days,Discreet,Y,N,UNITED STATES,,,,,
,Kivo Daily,,$125,37,63,News,1-2 Days,N,Y,Y,GLOBAL,,,,Y,Y
,Load2Learn,,$125,40,,News,1-3 Days,N,Y,Y,UNITED KINGDOM,,,,,
,Scotland B2B,,$125,33,42,News,2-3 Days,N,Y,Y,UNITED KINGDOM,,,,,
,Infopool,,$125,60,43,News,3-5 Days,N,Y,Y,UNITED KINGDOM,,Y,,Y,
,The Naptime Reviewer,,$125,35,50,News,2-3 Days,N,Y,Y,UNITED STATES,,Y,,,
,The Dedicated House,,$125,33,53,News,1-3 Days,N,Y,Y,UNITED STATES,,Y,,,
,Flare Magazine,,$125,37,36,Lifestyle,3-5 Days,N,Y,Y,UNITED KINGDOM,Y,Y,Y,Y,Y
,Stephi Lareine,,$125,60,41,Lifestyle/News,3-5 Days,N,Y,Y,UNITED KINGDOM,Y,Y,Y,Y,Y
,Infinity Else,,$125,35,39,News,3-5 Days,N,Y,Y,UNITED KINGDOM,Y,Y,Y,Y,Y
,Luxury Travel Magazine,,$125,53,71,Lifestyle,1-3 Days,N,Y,Y,UNITED STATES,,,,,
,Nano Biz Tech,,$125,59,46,Tech,3-5 Days,N,Y,Y,UNITED STATES,,,,,
,Style Beauty Health,,$125,62,44,Lifestyle,3-5 Days,N,Y,Y,UNITED STATES,,,,,
,Holly Health Fitness,,$125,58,42,Lifestyle,3-5 Days,N,Y,Y,UNITED STATES,,,,,
,The Reddit Blog,,$125,57,31,News,3-5 Days,N,Y,Y,UNITED STATES,,,,,
,Digital Fitness World,,$125,56,38,News,3-5 Days,N,Y,Y,UNITED STATES,,,,,
,The Marketing Pilot,,$125,58,42,Business,3-5 Days,N,Y,Y,UNITED STATES,,,,,
,Next Web Blog,,$125,56,41,Tech,3-5 Days,N,Y,Y,UNITED STATES,,,,,
,The UBJ ,,$125,60,55,News,1 Week,N,Y,N,GLOBAL,,Y,Y,Y,Y
,Crave Magazine,,$125,54,40,News,3 Days,N,Y,Y,UNITED KINGDOM,,,,,
,Geek Insider,,$125,47,60,Tech,3-5 Days,N,Y,Y,UNITED STATES,,,,,
,Carousel Bondi,,$125,15,8,Lifestyle,1-3 Days,N,Y,Y,AUSTRALIA,,,,,
,Who Design Today,,$125,19,30,Lifestyle,1-3 Days,N,Y,Y,AUSTRALIA,,,,,
,Crewlogout,,$125,35,39,News,3-5 Days,N,Y,Y,UNITED STATES,,,,,
,Pie Mag,,$125,33,32,Real Estate,3-5 Days,N,Y,Y,UNITED STATES,,,,,
,Beautyation,,$145,55,54,Fashion,3 Days,N,Y,Y,UNITED STATES,,,,,
,Wealth Tech Daily,,$150,31,39,News,3-5 Days,N,Y,Y,UNITED STATES,,,,,
,Meditech Wire,,$150,31,39,News,3-5 Days,N,Y,Y,UNITED STATES,,,,,
,Sports Tech Today,,$150,31,39,News,3-5 Days,N,Y,Y,UNITED STATES,,,,,
,ABC Money,,$150,67,59,News,3-5 Days,N,Y,Y,UNITED KINGDOM,,,,Y,
,New York Tech,,$150,57,34,Tech,1-3 Days,N,Y,Y,UNITED STATES,,,,,
,Florida Reporter,,$150,37,70,News,1-3 Days,N,Y,Y,FLORIDA,x2 Cost,x2 Cost,x2 Cost,x2 Cost,x2 Cost
,Phlox Fitness,,$150,5,8,News,1-3 Days,N,Y,Y,UNITED STATES,,,,,
,Naluda Magazine,,$150,59,56,News,1-3 Days,N,Y,Y,UNITED STATES,,,,,
,Dollar Thinking,,$150,1,6,News,1-3 Days,N,Y,Y,UNITED STATES,,,,,
,Orangism,,$150,58,10,News,1-3 Days,N,Y,Y,UNITED STATES,,,,,
,Music Emu,,$150,3,7,Music,1-3 Days,N,Y,Y,UNITED STATES,,,,,
,Web Law Info,,$150,2,1,News,1-3 Days,N,Y,Y,UNITED STATES,,,,,
,Luxury LA Mag,,$150,38,32,News,3-5 Days,N,Y,Y,UNITED STATES,,,,,
,Pharmatech News,,$150,34,56,News,3-5 Days,N,Y,Y,UNITED STATES,,,,,
,Law Newsday,,$150,34,56,News,3-5 Days,N,Y,Y,UNITED STATES,,,,,
,Nohoarts District,,$150,47,64,News,2-3 Days,N,Y,Y,UNITED STATES,Y,Y,Y,Y,Y
,Oh My Dish (Netherlands),,$150,29,28,Lifestyle,3-5 Days,N,Y,Y,NETHERLANDS,,,,,
,Girl Cooks World,,$150,49,53,Lifestyle,3-5 Days,N,Y,Y,UNITED STATES,,Y,,,
,Oh My Dish,,$150,42,52,Lifestyle,3 Days,N,Y,Y,UNITED STATES,,,,,
,Our Kid Things,,$150,46,49,Lifestyle,3 Days,N,Y,Y,UNITED STATES,,,,,
,New York Street Food,,$150,66,45,Lifestyle,3 Days,N,Y,Y,UNITED STATES,,,,,
,Techgyd,,$150,75,55,Tech,1-3 Days,N,Y,Y,UNITED STATES,,,,,
,Hype Magazine,,$150,64,72,Lifestlye,1 Week,N,Y,Y,GLOBAL,,Y,Y,Y,
,Design By Sully,,$150,56,55,Lifestyle,3 Days,N,Y,Y,UNITED STATES,,,,,
,Shibley Smiles,,$150,46,54,News,3-5 Days,N,Y,Y,UNITED STATES,,,,,
,My Face Hunter,,$150,72,61,Lifestyle,3 Days,N,Y,Y,UNITED STATES,,,,,
,Get World Beauty,,$150,55,49,Fashion,3 Days,N,Y,Y,UNITED STATES,,,,,
,Innov8tiv,,$150,48,62,Tech,3 Days,N,Y,Y,UNITED STATES,,,,Y,
,The Boss Magazine,,$150,51,73,News,1-3 Days,N,Y,Y,UNITED STATES,,,,,
,Homes Creative,,$150,52,35,Real Estate,3 Days,N,Y,Y,UNITED STATES,,,,,
,Bit Rebels,,$150,65,72,Tech,3 Days,N,Y,Y,UNITED STATES,,,,Y,
,House Sit World,,$150,57,51,Lifestyle,3 Days,N,Y,Y,UNITED STATES,,,,,
,Highest Networth Magazine,,$150,1,34,Business,3-5 Days,N,Y,Y,UNITED STATES,,,,,
,San Francisco Tribune,,$150,53,61,News,3-5 Days,N,Y,Y,CALIFORNIA,,Y,Y,Y,
,Los Angeles Tribune,,$150,29,60,News,3-5 Days,N,Y,Y,CALIFORNIA,,,,,
,Healthcare Business Today,,$150,45,73,News,3-5 Days,N,Y,Y,UNITED STATES,,Y,,,
,Kellys Thoughts On Things,,$150,48,66,Lifestyle,3-5 Days,N,Y,Y,UNITED STATES,,Y,,,
,Off The MRKT,,$150,33,58,News,3-5 Days,N,Y,Y,UNITED STATES,,,,,
,Ritz Herald News,,$150,57,67,News,1-3 Days,N,Y,Y,GLOBAL,,Y,Y,Y,Y
,Political Anthropologist,,$150,22,14,Political,1-3 Days,N,Y,Y,EUROPE,,Y,Y,Y,Y
,All China Review,,$150,30,22,News,1-3 Days,N,Y,Y,CHINA,,Y,Y,Y,Y
,Fairmont Post,,$150,17,34,News,1-3 Days,N,Y,Y,UNITED STATES,,Y,Y,Y,Y
,Lincoln Citizen,,$150,52,34,News,1-3 Days,N,Y,Y,UNITED STATES,,Y,Y,Y,Y
,Belmont Star,,$150,52,35,News,1-3 Days,N,Y,Y,UNITED STATES,,Y,Y,Y,Y
,Madison Graph,,$150,51,39,News,1-3 Days,N,Y,Y,UNITED STATES,,Y,Y,Y,Y
,Hudson Weekly,,$150,54,49,News,1-3 Days,N,Y,Y,UNITED STATES,,Y,Y,Y,Y
,Markets Herald,,$150,56,59,Business,1-3 Days,N,Y,Y,UNITED STATES,,Y,Y,Y,Y
,European Financial Review,,$150,46,62,Business,1-3 Days,N,Y,Y,EUROPE,,x2 Cost,x2 Cost,x2 Cost,x2 Cost
,Big Time Daily,,$150,54,64,News,5 Days,N,Y,Y,UNITED STATES,Y,Y,Y,Y,Y
,Psychreg,,$150,51,73,Lifestyle,3 Days,N,Y,Y,UNITED STATES,Y,Y,Y,Y,Y
,World Financial Review,,$150,49,73,Business,1-3 Days,N,Y,Y,GLOBAL,,x2 Cost,x2 Cost,x2 Cost,x2 Cost
,European Business Review,,$150,56,79,Business,1-3 Days,N,Y,Y,EUROPE,,x2 Cost,x2 Cost,x2 Cost,x2 Cost
,Meditech Today,,$150,56,13,Tech,1-3 Days,N,Y,Y,UNITED STATES,x3 Cost,x3 Cost,x3 Cost,x3 Cost,x3 Cost
,Biz Dispatch,,$150,55,20,Business,1-3 Days,N,Y,Y,UNITED STATES,,,,Y,
,Online World Herald,,$150,54,24,News,1-3 Days,N,Y,Y,UNITED STATES,,,,Y,
,International Releases,,$150,54,25,News,1-3 Days,N,Y,Y,UNITED STATES,,,,Y,
,Trading Herald,,$150,51,25,Business,1-3 Days,N,Y,Y,UNITED STATES,,,,Y,
,Asset Digest,,$150,53,28,News,1-3 Days,N,Y,Y,UNITED STATES,,,,Y,
,Wealth Tribune,,$150,54,28,News,1-3 Days,N,Y,Y,UNITED STATES,,,,Y,
,Palm Bay Herald,,$150,51,28,News,1-3 Days,N,Y,Y,UNITED STATES,,,,Y,
,Economy Standard,,$150,54,29,Business,1-3 Days,N,Y,Y,UNITED STATES,,,,Y,
,Luxury Advisor,,$150,54,29,News,1-3 Days,N,Y,Y,UNITED STATES,,,,Y,
,Blockchain Tribune,,$150,54,30,Web 3,1-3 Days,N,Y,Y,UNITED STATES,,,,Y,
,The Luxe Insider,,$150,28,30,Luxury,1-3 Days,N,Y,Y,GLOBAL,,,Y,,
,Startup Observer,,$150,57,31,Business,1-3 Days,N,Y,Y,UNITED STATES,,,,Y,
,Fintech Herald,,$150,55,36,Business,1-3 Days,N,Y,Y,UNITED STATES,,,,Y,
,Smartech Daily,,$150,56,45,Tech,1-3 Days,N,Y,Y,UNITED STATES,x3 Cost,x3 Cost,x3 Cost,x3 Cost,x3 Cost
,Brands Journal,,$150,53,46,Business,1-3 Days,N,Y,Y,UNITED STATES,,,,Y,
,LA Guest List,,$150,40,46,News,3 Days,N,Y,N,LOS ANGELES,,Y,Y,Y,Y
,Companies Digest,,$150,56,48,Business,1-3 Days,N,Y,Y,UNITED STATES,,,,Y,
,Business Express,,$150,62,48,Business,1-3 Days,N,Y,Y,UNITED STATES,,,,Y,
,Financial Tech Times,,$150,56,50,Tech,1 Week,N,Y,Y,UNITED STATES,,,,,
,Entrepreneur Tribune ,,$150,52,52,Business,1-3 Days,N,Y,Y,UNITED STATES,,,,Y,
,Transit Tomorrow,,$150,57,57,News,1-3 Days,N,Y,Y,UNITED STATES,x3 Cost,Y,Y,Y,x3 Cost
,Technology Dispatch,,$150,54,59,Tech,1-3 Days,N,Y,Y,UNITED STATES,,,,Y,
,Chiang Rai Times,,$150,80,70,News,3-5 Days,N,Y,N,GLOBAL,,Y,Y,Y,x2 Cost
,High Net Worth Magazine,,$150,2,61,Business,1 Day,N,Y,Y,UNITED STATES,x3 Cost,Y,Y,Y,x3 Cost
,Gadgets Gaadi,,$150,21,37,News,3-5 Days,N,Y,Y,UNITED STATES,Y,Y,Y,Y,x2 Cost
,Kansas Press,,$150,21,39,News,3-5 Days,N,Y,Y,UNITED STATES,Y,Y,Y,Y,x2 Cost
,Lux & Ent,,$150,13,8,Entertainment,3-5 Days,N,Y,Y,UNITED STATES,,,,,
,Tennessee Indepedent,,$150,42,44,News,3-5 Days,N,Y,Y,UNITED STATES,Y,Y,Y,Y,x2 Cost
,Jane Resture,,$150,45,45,News,3-5 Days,N,Y,Y,UNITED STATES,Y,Y,Y,Y,x2 Cost
,Scotlands Enchanting Kingdom,,$150,34,51,News,3-5 Days,N,Y,Y,UNITED STATES,Y,Y,Y,Y,x2 Cost
,Commercial Architecture Magazine,,$150,31,46,News,3-5 Days,N,Y,Y,UNITED STATES,Y,Y,Y,Y,x2 Cost
,Bug Bog,,$150,52,50,News,3-5 Days,N,Y,Y,UNITED STATES,Y,Y,Y,Y,x2 Cost
,Urban Kenyans,,$150,30,53,News,3-5 Days,N,Y,Y,UNITED STATES,Y,Y,Y,Y,x2 Cost
,WW Journals,,$150,51,59,News,3-5 Days,N,Y,Y,UNITED STATES,Y,Y,Y,Y,x2 Cost
,Mississippi Indepedent,,$150,28,45,News,3-5 Days,N,Y,Y,UNITED STATES,Y,Y,Y,Y,x2 Cost
,GrimballJewelers.com,,$150,39,49,News,3-5 Days,N,Y,Y,UNITED STATES,Y,Y,Y,Y,x2 Cost
,Novabach.com,,$150,24,34,News,3-5 Days,N,Y,Y,UNITED STATES,Y,Y,Y,Y,x2 Cost
,Cannabiss Blog,,$150,58,51,News,3-5 Days,N,Y,Y,UNITED STATES,Y,Y,Y,Y,x2 Cost
,Pure Net Wealth,,$150,26,48,News,3-5 Days,N,Y,Y,UNITED STATES,Y,Y,Y,Y,x2 Cost
,Law News Network,,$150,35,42,News,3-5 Days,N,Y,Y,UNITED STATES,Y,Y,Y,Y,x2 Cost
,The Hook Web,,$150,49,53,News,3-5 Days,N,Y,Y,UNITED STATES,Y,Y,Y,Y,x2 Cost
,Multiplayerpiano.com,,$150,42,52,Music,3-5 Days,N,Y,Y,UNITED STATES,Y,Y,Y,Y,x2 Cost
,San Francisco Post,,$150,56,52,News,3-5 Days,N,Y,Y,CALIFORNIA,,,Y,,
,Now Entertainment ,,$175,62,35,News ,3 Days,N,Y,Y,GLOBAL,,,,,
,Music News,,$175,66,72,Music ,3 Days,N,Y,N,GLOBAL,x2 Cost,x2 Cost,x2 Cost,x2 Cost,x2 Cost
,Luxe Expose,,$175,40,60,News,3-5 Days,N,Y,Y,UNITED STATES,Y,Y,Y,Y,x2 Cost
,RedX Magazine,,$199,53,51,News,3-5 Days,N,Y,Y,UNITED STATES,,,,Y,
,The Tribune India,,$200,87,81,News,1-3 Days,Y,Y,N,INDIA,,,,,
,Neon Music,,$200,63,58,Music,3-5 Days,N,Y,Y,GLOBAL,,x5 Cost,x5 Cost,x5 Cost,x5 Cost
,Professors House,,$200,55,51,News,3 Days,N,Y,Y,UNITED STATES,,,,,
,Anglotopia,,$200,62,56,News,3 Days,N,Y,Y,IILINOIS,,,,,
,Zycrypto,,$200,51,73,Crypto,1 Week,Discreet,Y,N,GLOBAL,,,,Y,
,Magnetic Mag,,$200,75,70,Music ,3 Days,Discreet,Y,N,GLOBAL,,,Y,,
,1883 Magazine,,$200,53,62,News,3 Days,N,Y,Y,UNITED STATES,,,,,
,Fine Homes and Living,,$200,44,63,Real Estate,3 Days,N,Y,Y,UNITED STATES,,,,,
,Home Town Station,,$200,66,75,News,3-5 Days,N,Y,Y,UNITED STATES,,,,,
,The Up Coming,,$200,65,72,News,3-5 Days,N,Y,Y,UNITED KINGDOM,,,,,
,I Love South Africa,,$200,18,56,News,3-5 Days,N,Y,Y,AFRICA,,,,,
,Mom The Mag,,$200,56,35,Lifestyle,1-3 Days,N,Y,N,UNITED STATES,,Y,Y,,
,EDM Sauce,,$200,76,60,Music,3 Days,N,Y,N,GLOBAL,,,,,
,We Rave You,,$200,52,62,Music,1 Week,N,Y,N,GLOBAL,,,,,
,Deadline New ,,$200,74,68,News,3 Days,N,Y,N,GLOBAL,,Y,Y,Y,Y
,AllHipHop,,$200,73,73,Music ,1 Week,N,Y,N,GLOBAL,,Y,Y,Y,x2 Cost
,Art Daily,,$200,65,79,Entertainment,1-3 Days,N,Y,Y,GLOBAL,,,,,
,Patch.com,,$200,91,90,News,3-5 Days,Y,Y,N,UNITED STATES,,,,,
,Good Men Project,,$200,82,79,News,1 Week,N,Y,Y,GLOBAL,,,,,
,NY Tech Media,,$200,34,34,Tech,3-5 Days,N,Y,Y,UNITED STATES,,,,,
,Coin Review News,,$250,29,39,News,3-5 Days,N,Y,Y,UNITED STATES,,,,,
,StartUpBooted.com ,,$250,55,67,News,3-5 Days,N,Y,Y,UNITED STATES,,,,,
,PercentageCalculatorsHub.com,,$250,53,67,News,3-5 Days,N,Y,Y,UNITED STATES,,,,,
,SnapchatPlanet.com,,$250,43,64,News,3-5 Days,N,Y,Y,UNITED STATES,,,,,
,GrowthNavigate.com,,$250,50,61,News,3-5 Days,N,Y,Y,UNITED STATES,x2.5 Cost,x2.5 Cost,x2.5 Cost,x2.5 Cost,x2.5 Cost
,IB Times (AP),,$250,73,72,Business ,1 Week,N,Y,N,ASIA PACIFIC,,,,,
Raised,Cultr Magazine,,$250,34,48,Music,1 Week,N,Y,Y,GLOBAL,,,,,
,Times LA,,$250,68,39,News,2-3 Days,N,Y,Y,CALIFORNIA,,,,,
,Tech Announcer,,$250,60,47,Tech,1-3 Days,N,Y,Y,UNITED STATES,,,,,
,LatestLY,,$250,66,78,News,1-3 Days,Y,Y,N,INDIA,,,,,x3 Cost
,MSN,,$250,94,92,News,3-5 Days,N,M,Y,UNITED STATES,,Y,,Y,
,Healthcares Blog,,$250,58,39,Lifestyle,3-5 Days,N,Y,Y,UNITED STATES,,,,,
,The Coaching Magazine,,$250,56,7,Lifestyle,3 Days,N,Y,Y,UNITED STATES,,,,,
,The Source,,$250,82,75,Music ,1 Week,N,Y,Y,UNITED STATES,Y,Y,Y,Y,Y
,Business Insight,,$250,38,1,News,1-3 Days,Discrete,Y,Y,UNITED STATES,,,,Y,
,Indie Hackers,,$250,54,80,News,3-5 Days,N,Y,N,UNITED STATES,Y,Y,Y,Y,Y
,Adapt Network,,$250,72,71,News,3-5 Days,N,Y,Y,UNITED STATES,,,,,
,SA Promo,,$250,38,33,News,3-5 Days,N,Y,Y,AFRICA,,,,,
,Australian Times,,$250,56,55,News,3-5 Days,N,Y,Y,AUSTRALIA,,,,,
,Deal Magazine,,$250,58,3.1,News,3-5 Days,Discrete,Y,N,GLOBAL,,,Y,Y,
,Washington Independent,,$250,61,71,News,3-5 Days,N,Y,Y,WASHINGTON DC,,Y,,,
,The Santa Clarita Valley Signal,,$250,76,75,News,3-5 Days,N,Y,Y,CALIFORNIA,,Y,Y,Y,
,Rap Reviews,,$250,50,44,Music,1-3 Days,N,Y,Y,GLOBAL,Y,Y,Y,,
,Digital Music News,,$250,76,77,Music ,1 Week,N,Y,N,GLOBAL,,,,,
,Editor's Beauty,,$250,19,34,Lifestyle,3-5 Days,N,Y,Y,UNITED STATES,,,,,
,StockTwits,,$250,76,78,News,1-3 Days,Discreet,Y,N,UNITED STATES,,,,Y,
,Rich Reporter,,$250,42,55,News,3-5 Days,N,Y,Y,UNITED STATES,,,,,
,Americas Gone Viral,,$250,42,63,News,3-5 Days,N,Y,Y,UNITED STATES,,,,,
New,Market Spy,,$250,42,69,News,1-3 Days,N,Y,Y,UNITED STATES,,Y,Y,Y,Y
,GrowthScribe.com,,$300,42,67,News,3-5 Days,N,Y,Y,UNITED STATES,x2.5 Cost,x2.5 Cost,x2.5 Cost,x2.5 Cost,x2.5 Cost
,Mid-Day,,$300,85,81,News,1-3 Days,Y,Y,N,UNITED STATES,,,,,
,Mid-Day (Do-Follow),,$300,85,81,News,1-3 Days,Y,Y,N,UNITED STATES,,,,,
,The Silicon Review,,$300,51,74,News,3-5 Days,N,Y,Y,CALIFORNIA,,,,,
,Biz Fortune,,$300,10,27,News,3-5 Days,N,Y,Y,UNITED STATES,,,,,
,CIO Bulletin,,$300,39,65,News,3-5 Days,N,Y,Y,UNITED STATES,,,,,
,Business Honor,,$300,14,7,Business,3-5 Days,N,Y,Y,UNITED STATES,,,,,
,Global Banking & Finance,,$300,81,79,Business,3-5 Days,N,Y,N,UNITED STATES,,,,Y,
,CelebMix,,$300,63,64,Lifestyle,3 Days,N,Y,N,GLOBAL,,,,,
,Young Health Magazine,,$300,53,44,Lifestyle,2-3 Days,N,Y,Y,UNITED STATES,,Y,,Y,
,Science World Report,,$300,65,67,News,1-3 Days,N,Y,Y,UNITED STATES,,Y,,Y,
,Street Insider,,$300,83,80,News,1-3 Days,Discreet,Y,N,UNITED STATES,,,,,
,Yahoo News/Finance (AccessWire),,$300,93,92,News,3-5 Days,Discreet,Y,N,GLOBAL,,,Y,,
,Latin Post,,$300,66,71,News ,1-3 Days,N,Y,N,LATIN AMERICA,,Y,,Y,
,Motor Times,,$300,6,1,News,1-3 Days,N,Y,Y,UNITED STATES,,Y,,Y,
,Money Times,,$300,28,30,Business,1-3 Days,N,Y,Y,UNITED STATES,,Y,,Y,
,Lawyer Herald,,$300,52,41,News,1-3 Days,N,Y,Y,UNITED STATES,,Y,,Y,
,Game n Guide,,$300,63,50,Gaming,1-3 Days,N,Y,Y,UNITED STATES,,Y,,Y,
,KPop Starz,,$300,82,62,Music,1-3 Days,N,Y,Y,UNITED STATES,,Y,,Y,
,Parents Herald,,$300,62,66,News,1-3 Days,N,Y,Y,UNITED STATES,,Y,,Y,
,Science Times,,$300,64,76,Tech,2-3 Days,N,Y,Y,UNITED STATES,,Y,,Y,
,VC Post,,$300,63,60,News,1-3 Days,N,Y,N,GLOBAL,,Y,,Y,
,California Business Journal,,$300,40,70,News,1 Week,N,Y,Y,CALIFORNIA,,,,,Y
,Finance Digest,,$300,64,71,News,3-5 Days,N,Y,Y,UNITED STATES,,,,Y,
,Fintech Finance News,,$300,39,73,Business,1-3 Days,N,Y,Y,UNITED STATES,,,,,
,Fashion Week Daily,,$300,69,74,Fashion,3-5 Days,N,Y,N,GLOBAL,,,,,
New,Sarasota Magazine,,$300,58,73,News,2-3 Days,N,Y,Y,UNITED STATES,Y,Y,Y,Y,Y
,Digital Journal (Contributor),,$325,87,87,News,3-5 Days,N,Y,Y,GLOBAL,,Y,Y,,
,Khaleej Times (Press Release),,$325,87,83,News,1-2 Weeks,N,Y,Y,UAE,,Y,Y,Y,
,TheCeo.in,,$350,49,63,Business,3-5 Days,N,Y,Y,INDIA,,,,Y,
,HackerNoon,,$350,87,88,Tech/Crypto,1 Week,N,Y,N,GLOBAL,,,,Y,
,Champion Daily,,$350,42,27,News,3-5 Days,N,Y,Y,UNITED STATES,,,,,
,Gigwise.com,,$350,78,59,News,1 Week,N,Y,Y,UNITED STATES,,,,,
,The South African ,,$350,79,75,News ,1 Week,N,Y,N,SOUTH AFRICA,,Y,Y,Y,Y
,Notion Online,,$350,45,63,News,1 Week,N,Y,N,GLOBAL,,,,,
,Super Crypto News,,$350,33,41,Crypto,3-5 Days,Discreet,Y,N,GLOBAL,,,,Y,
,Yahoo / Business Insider / AP News (Press Release),,$350,94,92,Business,3-5 Days,Discreet,Y,N,GLOBAL,,,Y,Y,
,Block Telergaph,,$350,38,63,Crypto,1 Week,N,Y,Y,GLOBAL,x3 Cost,Y,Y,Y,x3 Cost
,Retail Insider,,$350,57,74,Fashion,1-3 Days,N,Y,Y,UNITED STATES,,Y,Y,Y,Y
,Pulse.com.gh,,$350,78,71,News,2-3 Days,N,Y,N,GHANA,,,,,
,Pulse.ng,,$350,85,76,News,2-3 Days,N,Y,N,NIGERIA,,,,,
,Pulse.ug,,$350,35,33,News,2-3 Days,N,Y,N,UGANDA,,,,,
,Pulse Sports,,$350,53,53,Sports,2-3 Days,N,Y,N,NIGERIA,,,,,Y
,PulseSports.co.ke,,$350,36,33,Sports,2-3 Days,N,Y,N,KENYA,,,,,Y
,Pulse.sn,,$350,35,33,Sports,2-3 Days,N,Y,N,SENEGAL,,,,,
,PulseLive.co.ke,,$350,56,61,Sports,2-3 Days,N,Y,N,KENYA,,,,,
,PulseSports.ug,,$350,36,33,Sports,2-3 Days,N,Y,N,UGANDA,,,,,Y
,Benzinga,,$400,87,86,Crypto/News,1 Week,Discreet,Y,N,UNITED STATES,,Y,,Y,
,Vegas News,,$400,66,61,News,3-5 Days,N,Y,Y,NEVADA,,,,,
,Women Stuff,,$400,33,34,News,1-3 Days,N,Y,Y,AFRICA,,Y,,,
,Men Stuff,,$400,36,28,News,1-3 Days,Discrete,Y,Y,UNITED STATES,,Y,,,
,CoinPedia,,$400,48,74,Crypto,1 Week,Discreet,Y,N,GLOBAL,,,,Y,
,IT Security Guru,,$400,50,67,Tech,1-2 Weeks,N,Y,Y,UNITED KINGDOM,,,,,
,London Loves Business,,$400,59,73,Business,1-2 Weeks,N,Y,Y,UNITED KINGDOM,,,,,
,CelebSecrets.com,,$450,39,46,News,3-5 Days,N,Y,Y,UNITED STATES,,,,,
,Outlook India,,$450,91,89,News,1 Week,Y,Y,N,INDIA,,Y,,Y,Y
,San Diego Reader,,$450,75,76,News,3 Days,N,Y,N,CALIFORNIA,,,,,
,HH Finance,,$450,31,40,News,1-3 Days,N,Y,Y,UNITED STATES,,Y,,Y,
,Times Monaco,,$450,38,54,News,1-3 Days,N,Y,Y,MONACO,,,,,
,All Out Door,,$450,54,53,Lifestyle,3-5 Days,N,Y,Y,UNITED STATES,,,,,
,AG Daily,,$450,63,70,Lifestyle,3-5 Days,N,Y,Y,UNITED STATES,,,,,
,Outdoor Hub,,$450,71,64,Lifestyle,3-5 Days,N,Y,Y,UNITED STATES,,,,,
,Considerable.com,,$450,56,70,News,3-5 Days,N,Y,Y,UNITED STATES,,,,,
,SelfEmployed.com (Syndicates to MSN),,$450,36,17,News,3-5 Days,N,Y,Y,UNITED STATES,,,,,
,Irvine Weekly,,$450,35,50,News,1 Day,N,Y,N,IRVINE,,Y,Y,Y,Y
,Tech Round,,$450,50,76,Tech,1-2 Weeks,N,Y,Y,UNITED KINGDOM,,,,,
,Tidbits of Experience,,$450,63,37,Lifestyle,3-5 Days,N,Y,Y,UNITED STATES,,,,,
,Bourbon and Boots,,$450,48,52,Lifestyle,3-5 Days,N,Y,Y,UNITED STATES,,,,,
,Unfinished Man,,$450,70,56,News,1 Week,N,Y,Y,UNITED STATES,Y,Y,Y,Y,Y
,Geek Extreme,,$450,67,49,News,3 Days,N,Y,Y,GLOBAL,Y,Y,Y,Y,Y
,Apple News (Syndication from Grit Daily),,$450,99,97,News,3-5 Days,N,N,N,UNITED STATES,,,,,
,CEO World Biz (Contributor),,$450,71,77,Business,1-3 Days,N,Y,N,UNITED STATES,,,,,
,Business Insider Africa,,$450,94,92,News,1 Week,N,Y,Y,AFRICA,,x3 Cost,x3 Cost,x3 Cost,x3 Cost
,Metropolitan Design Magazine,,$450,13,16,Lifestyle,1-3 Days,N,Y,Y,GLOBAL,,,,,
Updated TAT,Upscale Living,,$450,70,65,Lifestyle,1 Week,N,Y,Y,GLOBAL,,,,,
,Sheen Magazine,,$450,44,69,Lifestyle,1-3 Days,N,Y,Y,GLOBAL,,Y,Y,Y,
,Finance Feeds,,$450,49,71,Business,1-3 Days,N,Y,Y,UNITED STATES,,,,Y,
,Grit Daily,,$450,67,74,News,3 Days ,N,Y,N,GLOBAL,x3 Cost,Y,Y,Y,x3 Cost
,Soup.io,,$450,38,78,News,1-2 Weeks,N,Y,Y,UNITED STATES,Y,Y,Y,Y,Y
,Broadway World,,$450,86,87,Music,1-3 Days,N,Y,N,GLOBAL,,Y,Y,Y,
New,New York Report,,$450,46,39,News,3-5 Days,N,Y,Y,UNITED STATES,,,,,
New,Debt Discipline ,,$450,57,35,News,3-5 Days,N,Y,Y,UNITED STATES,,,,,
New,Startup Hub,,$450,31,50,News,3-5 Days,N,Y,Y,UNITED STATES,,,,,
New,Mom Blog Life,,$450,56,42,News,3-5 Days,N,Y,Y,UNITED STATES,,,,,
New,Strategy Eye,,$450,50,44,News,3-5 Days,N,Y,Y,UNITED STATES,,,,,
6 Month Lifespan,Dallas Observer,,$500,78,79,News,3 Days,Y,Y,Y,TEXAS,,,,,
6 Month Lifespan,West Word,,$500,77,81,News,3 Days,Y,Y,Y,DENVER,,Y,Y,Y,Y
6 Month Lifespan,Miami New Times,,$500,80,81,News,3 Days,Y,Y,Y,MIAMI,,Y,Y,Y,Y
6 Month Lifespan,Phoenix New Times,,$500,74,79,News,3 Days,Y,Y,Y,ARIZONA,,Y,Y,Y,Y
6 Month Lifespan,Broward Palm Beach (6 Month Lifespan),,$500,74,72,News,3-5 Days,Y,Y,Y,FLORIDA,,Y,Y,Y,Y
Being Removed from list in Sept,First for Women,,$500,60,69,Female,1-3 Weeks,N,Y,N,GLOBAL,Y,Y,Y,Y,
Being Removed from list in Sept,Closer Weekly,,$500,78,70,Entertainment,1-3 Weeks,N,Y,N,GLOBAL,Y,Y,Y,Y,
Being Removed from list in Sept,Life & Style ,,$500,79,73,Lifestyle ,1-3 Weeks,N,Y,N,UNITED STATES,Y,Y,Y,Y,
Being Removed from list in Sept,In Touch Weekly,,$500,82,74,Lifestyle ,1-3 Weeks,N,Y,N,GLOBAL,Y,Y,Y,Y,
Being Removed from list in Sept,Soap Opera Digest,,$500,72,61,Entertainment,1-3 Weeks,N,Y,N,GLOBAL,Y,Y,Y,Y,
Being Removed from list in Sept,J-14 Magazine,,$500,78,66,Entertainment,1-3 Weeks,N,Y,N,GLOBAL,Y,Y,Y,Y,
Being Removed from list in Sept,Woman's World ,,$500,64,71,Female ,2-3 Weeks,N,Y,N,GLOBAL,Y,Y,Y,Y,
Being Removed from list in Sept,Soaps In Depth,,$500,59,47,News,1-2 Weeks,N,Y,Y,GLOBAL,,,,,
,Distractify.com (Syndicates with MSN),,$500,87,77,Entertainment,1-3 Days,N,Y,Y,UNITED STATES,,,,,
,Green Matters (Syndicates w/ MSN & Apple News),,$500,64,76,Lifestyle,1-3 Days,N,Y,Y,UNITED STATES,,Y,,,
,Market Realist,,$500,74,75,Business,1-3 Days,N,Y,Y,UNITED STATES,,,,,
,Ladygunn.com,,$500,57,64,Entertainment,1-2 Weeks,N,Y,Y,UNITED STATES,,,,,
,Kaltbult Magazine,,$500,54,73,Entertainment,1-2 Weeks,N,Y,Y,UNITED STATES,,,,,
,NewsBlaze,,$500,64,70,News,1 Week,N,Y,Y,UNITED STATES,,,,,
,EarMilk,,$500,60,72,Music,2-3 Weeks,N,Y,N,GLOBAL,,,,,
,HappySprout,,$500,34,46,Lifestyle,1 Week,N,Y,N,UNITED STATES,,,,,
,Blissmark,,$500,20,26,Lifestyle,1 Week,N,Y,N,UNITED STATES,,,,,
,PawTracks,,$500,45,54,Lifestyle,1 Week,N,Y,N,UNITED STATES,,,,,
,NewFolks,,$500,27,38,News,1 Week,N,Y,N,UNITED STATES,,,,,
,Butter Cup,,$500,72,41,News,3-5 Days,N,Y,Y,UNITED STATES,,,,Y,
,Live Mint,,$500,91,88,News,1 Week,Y,N,N,INDIA,,,,Y,
,SF Weekly,,$500,73,80,News,1-3 Days,N,Y,Y,CALIFORNIA,,Y,Y,Y,Y
,SF Examiner,,$500,82,80,News,1-3 Days,N,Y,Y,CALIFORNIA,,Y,Y,Y,Y
,Swagger Magazine,,$500,62,63,News,1-3 Days,N,Y,Y,UNITED STATES,Y,Y,Y,Y,Y
,U.Today,,$500,53,76,Crypto,1 Week,Discreet,Y,N,GLOBAL,,,,Y,
,Times of Malta,,$500,77,79,News,3-5 Days,Discreet,Y,Y,EUROPE,,Y,Y,Y,Y
,Bitcoinist,,$500,81,80,Crypto,1-3 Days,Discreet,Y,N,GLOBAL,,,,Y,
,NewsBTC,,$500,81,81,Crypto,1-3 Days,Discreet,Y,N,GLOBAL,,,,,
,Front Page Detectives,,$500,33,25,News,1 Week,N,Y,Y,GLOBAL,,Y,Y,Y,Y
,The Royal Observer,,$500,31,25,News,1 Week,N,Y,Y,GLOBAL,,Y,Y,Y,Y
,Womens Golf Journal,,$500,28,30,News,1 Week,N,Y,Y,GLOBAL,,Y,Y,Y,Y
,Morning Honey,,$500,29,34,News,1 Week,N,Y,Y,GLOBAL,,Y,Y,Y,Y
,Galore Magazine,,$500,78,66,Lifestyle,1-3 Days,N,Y,Y,UNITED STATES,,,,,
,Female First,,$500,78,74,News,1-3 Days,N,Y,N,UNITED KINGDOM,,Y,Y,Y,Y
,KDAF,,$500,70,71,News,1 Week,Y,Y,N,TEXAS,,,,,
Lowered,Realty Times (Contributor),,$500,58,77,Real Estate,1-2 Weeks,N,Y,N,UNITED STATES,,,,,
Lowered,Sporting News,,$500,85,83,Sports,1-2 Weeks,N,Y,N,UNITED STATES,Y,Y,Y,Y,Y
,Fast Company Africa,,$550,36,42,News,1 Week,N,Y,N,AFRICA,,Y,,,
,The Leader News,,$550,45,58,News,3-5 Days,N,Y,N,UNITED STATES,,,,,
,Marina Times,,$550,47,50,News,3-5 Days,N,Y,Y,UNITED STATES,,,,,
,Fort Bend Star,,$550,46,50,News,3-5 Days,N,Y,N,UNITED STATES,,,,,
,The Green Sheet,,$550,41,30,News,3-5 Days,N,Y,N,UNITED STATES,,,,,
,Village Voice ,,$550,84,82,News,1 Day,N,Y,N,NEW YORK,,Y,Y,Y,Y
,Bust Magazine,,$550,73,73,News,1-3 Days,N,Y,N,GLOBAL,,Y,Y,Y,Y
,LA Weekly,,$550,76,84,News,1 Day,N,Y,N,LOS ANGELES,,Y,Y,Y,Y
,OC Weekly,,$550,72,75,News,1-3 Days,Discreet,Y,N,CALIFORNIA,,,,,
,Cryptopolitan,,$600,51,74,Crypto,3 Days,N,Y,N,GLOBAL,,,,Y,
,Latitude 33 Magazine,,$600,5,2.5,Real Estate,1 Week,N,Y,Y,CALIFORNIA,,Y,Y,Y,Y
,Coastal Real Estate Guide,,$600,19,22,Real Estate,1 Week,N,Y,Y,CALIFORNIA,,Y,Y,Y,Y
,Newport Beach Magazine,,$600,32,38,News,1 Week,N,Y,Y,CALIFORNIA,,Y,Y,Y,Y
,Laguna Beach Magazine,,$600,27,39,News,1 Week,N,Y,Y,CALIFORNIA,,Y,Y,Y,Y
,Newport Beach Independent,,$600,43,57,News,1 Week,N,Y,Y,CALIFORNIA,,Y,Y,Y,Y
,Laguna Beach Independent,,$600,53,58,News,1 Week,N,Y,Y,CALIFORNIA,,Y,Y,Y,Y
,The Tempe Tribune,,$600,11,31,News,1-3 Days,N,Y,Y,ARIZONA,Y,Y,,Y,
,Arroyo,,$600,54,63,News,1-3 Days,N,Y,Y,CALIFORNIA,Y,Y,,Y,
,Peoria Times,,$600,41,48,News,1-3 Days,N,Y,Y,ARIZONA,Y,Y,,Y,
,The Capistrano Dispatch,,$600,58,52,News,1-3 Days,N,Y,Y,CALIFORNIA,,,,,
,Camarillo Acorn,,$600,47,51,News,1-3 Days,N,Y,Y,CALIFORNIA,Y,Y,,Y,
,West Valley View,,$600,43,52,News,1-3 Days,N,Y,Y,ARIZONA,Y,Y,,Y,
,Foothills News,,$600,50,59,News,1-3 Days,N,Y,Y,ARIZONA,Y,Y,,Y,
,Inside Tucson Business,,$600,50,59,News,1-3 Days,N,Y,Y,ARIZONA,Y,Y,,Y,
,Tucson Weekly,,$600,68,72,News,1-3 Days,N,Y,Y,ARIZONA,Y,Y,,Y,
,Playa Vista Magazine,,$600,23,32,News,1-3 Days,N,Y,Y,CALIFORNIA,Y,Y,,Y,
,Simi Valley Acorn,,$600,50,52,News,1-3 Days,N,Y,Y,UNITED STATES,Y,Y,,Y,
,Phoenix College Times,,$600,51,56,News,3-5 Days,N,Y,Y,ARIZONA,Y,Y,,Y,
,The Argonaut,,$600,51,65,News,1-3 Days,N,Y,Y,CALIFORNIA,Y,Y,,Y,
,Gilbert Sun News,,$600,39,49,News,1-3 Days,N,Y,Y,CALIFORNIA,Y,Y,,Y,
,Desert Times,,$600,50,59,News,1-3 Days,N,Y,Y,ARIZONA,Y,Y,,Y,
,Ahwatukee Foothills News,,$600,53,62,News,1-3 Days,N,Y,Y,ARIZONA,Y,Y,,Y,
,Pasadena Weekly,,$600,54,63,News,1-3 Days,N,Y,Y,CALIFORNIA,Y,Y,,Y,
,VC Reporter,,$600,54,64,News,1-3 Days,N,Y,Y,CALIFORNIA,Y,Y,,Y,
,Arizonan SanTan Sun,,$600,35,44,News,1-3 Days,N,Y,Y,ARIZONA,Y,Y,,Y,
,Moorpark Acorn,,$600,44,45,News,1-3 Days,N,Y,Y,CALIFORNIA,Y,Y,,Y,
,Phoenix Lovin' Life,,$600,51,56,News,1-3 Days,N,Y,Y,ARIZONA,Y,Y,,Y,
,Sound of Freedom,,$600,49,51,News,1-3 Days,N,Y,Y,CALIFORNIA,Y,Y,,Y,
,The Entertainer! Magazine ,,$600,51,56,News,1-3 Days,N,Y,Y,ARIZONA,Y,Y,,Y,
,Queencreek Tribune,,$600,28,35,News,1-3 Days,N,Y,Y,ARIZONA,Y,Y,,Y,
,East Valley Tribune,,$600,64,73,News,1-3 Days,N,Y,Y,ARIZONA,Y,Y,,Y,
,Ventana Monthly,,$600,30,37,News,1-3 Days,N,Y,Y,CALIFORNIA,Y,Y,,Y,
,LADTNews,,$600,59,68,News,1-3 Days,N,Y,Y,CALIFORNIA,Y,Y,,Y,
,Thousand Oaks Acorn,,$600,55,62,News,1-3 Days,N,Y,Y,UNITED STATES,Y,Y,,Y,
,The Acorn,,$600,52,61,News,1-3 Days,N,Y,Y,UNITED STATES,Y,Y,,Y,
,Lovin' Life,,$600,50,59,News,1-3 Days,N,Y,Y,ARIZONA,Y,Y,,Y,
,SanTan Sun News,,$600,35,44,News,1-3 Days,N,Y,Y,ARIZONA,Y,Y,,Y,
,The Glendale Star,,$600,49,51,News,1-3 Days,N,Y,Y,CALIFORNIA,Y,Y,,Y,
,Airpark News,,$600,40,58,News,1-3 Days,N,Y,Y,ARIZONA,Y,Y,,Y,
,Explorer News,,$600,50,59,News,1-3 Days,N,Y,Y,ARIZONA,Y,Y,,Y,
,The Mesa Tribune,,$600,32,44,News,1-3 Days,N,Y,Y,ARIZONA,Y,Y,,Y,
,Marana News,,$600,50,59,News,1-3 Days,N,Y,Y,ARIZONA,Y,Y,,Y,
,Scottsdale Progress,,$600,40,58,News,1-3 Days,N,Y,Y,ARIZONA,Y,Y,,Y,
,The Foothills Focus,,$600,35,43,News,1-3 Days,N,Y,Y,ARIZONA,Y,Y,,Y,
,News Mirror,,$600,49,41,News,3-5 Days,N,Y,Y,CALIFORNIA,,,,Y,
,Fontana Herald News,,$600,53,56,News,3-5 Days,N,Y,Y,CALIFORNIA,,,,Y,
,Redland Community News,,$600,39,49,News,3-5 Days,N,Y,Y,CALIFORNIA,,,,Y,
,Record Gazette,,$600,42,45,News,3-5 Days,N,Y,Y,CALIFORNIA,,,,Y,
,LEO Weekly,,$600,59,68,News,3-5 Days,N,Y,Y,KENTUCKY,,,,,
,Citybeat,,$600,64,74,News,1-3 Days,N,Y,Y,OHIO,,,Y,,
,Metro Times,,$600,76,78,News,1-3 Days,N,Y,Y,MICHIGAN,,,,,
,Sauce Magazine,,$600,52,65,Entertainment,3-5 Days,Discrete,Y,Y,MISSOURI,,,,,
,IB Times (UK),,$600,89,83,News,3-5 Days,N,Y,N,UNITED KINGDOM,,Y,,Y,
,Haute Time,,$600,57,50,Luxury,1-2 Weeks,Discreet,Y,Y,GLOBAL,,,,,
,Haute Residence,,$600,49,64,Luxury,1-2 Weeks,Discreet,Y,Y,GLOBAL,,,,,
,Haute Beauty,,$600,78,77,Lifestyle ,1-2 Weeks,Discreet,Y,Y,FLORIDA,,Y,,,
,Haute Living ,,$600,78,77,News,1 Week,Discreet,Y,Y,MIAMI,,Y,,,
,Inquirer,,$600,89,84,News,3-5 Days,Discreet,Y,N,PHILIPPINES,,Y,Y,Y,Y
,JPost,,$600,91,87,News,1 Week,Discreet,Y,Y,JERUSALEM,,x2 Cost,x2 Cost,x2 Cost,x2 Cost
,Washington Times,,$600,90,86,News,1 Week,Y,Y,Y,WASHINGTON,,Y,,,
,Magic Valley,,$650,68,72,News,1 Week,N,Y,Y,IDAHO,,,,,
,The Defiant,,$650,52,75,News,3-5 Days,N,Y,Y,UNITED STATES,,,,,
,SweetyHigh.com,,$650,60,71,News,1 Week,N,Y,Y,UNITED STATES,,,,,
,C-Heads Magazine,,$650,48,66,News,1 Week,N,Y,Y,UNITED STATES,,,,,
,FXStreet,,$650,79,79,Crypto,3-5 Days,Discreet,Y,N,GLOBAL,,,,Y,
,Daily Caller,,$650,88,82,News,1-3 Days,N,Y,Y,WASHINGTON,,Y,Y,Y,
No longer on Hold,Crypto News,,$650,61,81,Crypto,1 Week,Discreet,Y,Y,GLOBAL,,,,Y,
,Tech Times,,$650,82,84,Technology ,1 Week,N,Y,Y,GLOBAL,,Y,,Y,
,IB Times (UAE),,$650,12,14,News,1-2 Weeks,Y,Y,N,UAE,,Y,,Y,
,IB Times (JP),,$650,45,31,News,3-5 Days,Y,Y,N,JAPAN,,Y,,Y,
,Univision,,$650,87,83,News,3 Weeks,N,Y,Y,UNITED STATES,,,,,
,My Aggie Nation,,$650,41,32,News,1 Week,N,Y,Y,TEXAS,,,,Y,
,Wahoo Ashland Wavely,,$650,40,43,News,1 Week,N,Y,Y,NEBRASKA,,,,Y,
,Franklin News Post,,$650,46,45,News,1 Week,N,Y,Y,VIRGINIA,,,,Y,
,The News Virginian,,$650,48,47,News,1 Week,N,Y,Y,VIRGINIA,,,,Y,
,The Muscatine Journal,,$650,59,55,News,1 Week,N,Y,Y,IOWA,,Y,Y,Y,
,SWVA Today,,$650,53,56,News,1 Week,N,Y,Y,VIRGINIA,,Y,Y,Y,
,Lake Geneva Regional,,$650,49,57,News,1 Week,N,Y,Y,WISCONSIN,,,,Y,
,Culpeper Star-Exponent,,$650,55,62,News,1 Week,N,Y,Y,VIRGINIA,,,,Y,
,The Morganton News Herald,,$650,58,62,News,1 Week,N,Y,Y,NOTH CAROLINA,,Y,Y,Y,
,The North Platte Telegraph,,$650,58,62,News,1 Week,N,Y,Y,NEBRASKA,,Y,Y,Y,
,Ravali Republic,,$650,56,64,News,1-3 Day,N,Y,Y,MONTANA,,,,Y,
,Martinsville Bulletin,,$650,57,64,News,1 Week,N,Y,Y,VIRGINIA,,,,Y,
,Opelika Auburn News,,$650,71,67,News,1 Week,N,Y,Y,ALABAMA,,,,Y,
,Globe Gazzette,,$650,75,70,News,1 Week,N,Y,Y,IOWA,,Y,Y,Y,
,The Eagle,,$650,72,72,News,1 Week,N,Y,Y,TEXAS,,Y,Y,Y,
,Kenosha News,,$650,69,72,News,1 Week,N,Y,Y,WISCONSIN,,Y,Y,Y,
,Independent Record,,$650,70,73,News,1 Week,N,Y,Y,MONTANA,,Y,Y,Y,
,Waterloo-Cedar Falls Courier,,$650,75,73,News,1 Week,N,Y,Y,IOWA,,Y,Y,Y,
,Waco Tribune-Herald,,$650,72,74,News,1 Week,N,Y,Y,TEXAS,,Y,Y,Y,
,Rapid City Journal,,$650,72,74,News,1 Week,N,Y,Y,SOUTH DAKOTA,,Y,Y,Y,
,Sioux City Journal,,$650,73,74,News,1 Week,N,Y,Y,IOWA,,Y,Y,Y,
,The Daily Progress,,$650,70,76,News,1 Week,N,Y,Y,VIRGINIA,,Y,Y,Y,
,News & Record,,$650,76,76,News,1 Week,N,Y,Y,NORTH CAROLINA,,Y,Y,Y,
,Billings Gazette,,$650,73,77,News,1 Week,N,Y,Y,MONTANA,,Y,Y,Y,
,The Press of Atlantic City,,$650,73,77,News,1 Week,N,Y,Y,NEW JERSEY,,Y,Y,Y,
,Winston-Salem Journal,,$650,73,77,News,1 Week,N,Y,Y,NORTH CAROLINA,,Y,Y,Y,
,Missoulian,,$650,76,77,News,1 Week,N,Y,Y,MONTANA,,Y,Y,Y,
,The Roanoke Times,,$650,74,78,News,1 Week,N,Y,Y,VIRGINIA,,Y,Y,Y,
,The Times of Northwest Indiana,,$650,74,78,News,1 Week,N,Y,Y,INDIANA,,Y,Y,Y,
,Lincoln Journal Star,,$650,73,79,News,1 Week,N,Y,Y,NEBRASKA,,Y,Y,Y,
,Tulsa World,,$650,77,80,News,1 Week,N,Y,Y,OKLAHOMA,,Y,Y,Y,
,Omaha World-Herald,,$650,78,81,News,1 Week,N,Y,Y,NEBRASKA,,Y,Y,Y,
,The Buffalo News,,$650,76,82,News,1 Week,N,Y,Y,NEW YORK,,Y,Y,Y,
,Richmond Times-Dispatch,,$650,75,78,News,1 Week,N,Y,Y,VIRGINIA,,Y,Y,Y,
,STL Today,,$650,86,84,News,1 Week,N,Y,Y,MISSOURI,,Y,Y,Y,
,Lexington Clipper-Herald,,$650,50,46,News,1 Week,N,Y,Y,NEBRASKA,,,,Y,
,The McDowell News,,$650,52,52,News,1 Week,N,Y,Y,NORTH CAROLINA,,,,Y,
,Mooresville Tribune,,$650,53,56,News,1 Week,N,Y,Y,NORTH CAROLINA,,,,Y,
,The Beatrice Daily Sun,,$650,56,57,News,1 Week,N,Y,Y,NEBRASKA,,,,Y,
,Statesville Record & Landmark,,$650,60,58,News,1 Week,N,Y,Y,NORTH CAROLINA,,Y,Y,Y,
,Journal Gazette & Times-Courier,,$650,60,59,News,1 Week,N,Y,Y,ILLINOIS,,Y,Y,Y,
,York New-Times,,$650,59,61,News,1 Week,N,Y,Y,NEBRASKA,,Y,Y,Y,
,Danville Register & Bee,,$650,59,62,News,1 Week,N,Y,Y,VIRGINIA,,Y,Y,Y,
,Chippewa Herald,,$650,62,65,News,1 Week,N,Y,Y,WISCONSIN,,Y,Y,Y,
,The Independent Tribune,,$650,60,65,News,1 Week,N,Y,Y,NORTH CAROLINA,,Y,Y,Y,
,The Columbus Telegram,,$650,63,65,News,1 Week,N,Y,Y,NEBRASKA,,Y,Y,Y,
,The Daily Nonpareil,,$650,59,66,News,1 Week,N,Y,Y,IOWA,,Y,Y,Y,
,Hickory Daily Record,,$650,62,66,News,1 Week,N,Y,Y,NORTH CAROLINA,,Y,Y,Y,
,Kearny Hub,,$650,61,66,News,1 Week,N,Y,Y,NEBRASKA,,Y,Y,Y,
,Albany Democrat-Herald,,$650,66,67,News,1 Week,N,Y,Y,OREGON,,Y,Y,Y,
,Scottsbluff Star-Herald Online,,$650,61,68,News,1 Week,N,Y,Y,NEBRASKA,,Y,Y,Y,
,Winona Daily News,,$650,61,69,News,1 Week,N,Y,Y,MINNESOTA,,Y,Y,Y,
,Elko Daily Free Press,,$650,64,70,News,1 Week,N,Y,Y,NEVEDA,,Y,Y,Y,
,The Sentinel ,,$650,69,70,News,1 Week,N,Y,Y,PENNSYLVANIA,,Y,Y,Y,
,SC Now,,$650,64,71,News,1 Week,N,Y,Y,SOUTH CAROLINA,,Y,Y,Y,
,The Daily News,,$650,69,71,News,1 Week,N,Y,Y,WASHINGTON D.C.,,Y,Y,Y,
,Moline Dispatch & Rock Island Argus,,$650,64,71,News,1 Week,N,Y,Y,IOWA,,Y,Y,Y,
,Dothan Eagle,,$650,66,71,News,1 Week,N,Y,Y,ALABAMA,,Y,Y,Y,
,Corvallis Gazette Times,,$650,67,71,News,1 Week,N,Y,Y,OREGON,,Y,Y,Y,
,Herald & Review,,$650,66,71,News,1 Week,N,Y,Y,ILLINOIS,,Y,Y,Y,
,The Grand Island Independent,,$650,69,71,News,1 Week,N,Y,Y,NEBRASKA,,Y,Y,Y,
,The Times and Democrat,,$650,64,71,News,1 Week,N,Y,Y,SOUTH CAROLINA,,,,Y,
,Bristol Herald Courier,,$650,66,72,News,1 Week,N,Y,Y,VIRGINIA,,Y,Y,Y,
,Twin Falls Times-News,,$650,66,72,News,1 Week,N,Y,Y,IDAHO,,Y,Y,Y,
,Glens Falls Post-Star,,$650,66,72,News,1 Week,N,Y,Y,NEW YORK,,Y,Y,Y,
,Montana Standard,,$650,66,72,News,1 Week,N,Y,Y,MONTANA,,Y,Y,Y,
,The Citizen Auburn Pub ,,$650,68,72,News,1 Week,N,Y,Y,NEW YORK,,Y,Y,Y,
,La Corsse Tribune,,$650,67,73,News,1 Week,N,Y,Y,WISCONSIN,,Y,Y,Y,
,The News & Advance,,$650,68,73,News,1 Week,N,Y,Y,VIRGINIA,,Y,Y,Y,
,The Journal Times,,$650,67,74,News,1 Week,N,Y,Y,WISCONSIN,,Y,Y,Y,
,The Pantagraph,,$650,68,74,News,1 Week,N,Y,Y,ILLINOIS,,Y,Y,Y,
,The Free Lance-Star,,$650,68,75,News,1 Week,N,Y,Y,VIRGINIA,,Y,Y,Y,
,The Bismarck Tribune,,$650,67,75,News,1 Week,N,Y,Y,NORTH DAKOTA,,Y,Y,Y,
,Quad-City Times,,$650,68,75,News,1 Week,N,Y,Y,IOWA,,Y,Y,Y,
,Casper Star Tribune,,$650,68,76,News,1 Week,N,Y,Y,WYOMING,,Y,Y,Y,
,Fremont Tribune,,$650,60,63,News,1 Week,N,Y,Y,NEBRASKA,,,,Y,
,Journal Star,,$650,74,74,News,1-2 Weeks,N,Y,N,ILLINOIS,,,,Y,
,Arizona Daily Star,,$650,81,81,News,1 Week,N,Y,Y,ARIZONA,,Y,Y,Y,
,Flaunt Magazine,,$700,68,75,Music,1-2 Weeks,N,Y,Y,LOS ANGELES,,,,,
,The New Boston,,$750,50,49,News,1-2 Weeks,N,Y,Y,UNITED STATES,,,,,
,ColoradoBiz.com,,$750,49,67,News,3-5 Days,N,Y,Y,COLORADO,,,,Y,
,Idaho Business Review,,$750,54,52,News,3-5 Days,N,Y,Y,IDAHO,,,,Y,
,New Orleans City Business,,$750,55,68,News,3-5 Days,N,Y,Y,LOUISIANA,,,,Y,
,Maryland Daily Record,,$750,60,74,News,3-5 Days,N,Y,N,MARYLAND,,,,Y,
,Massachusetts Lawyers Weekly,,$750,49,67,News,3-5 Days,N,Y,N,MASSACHUSETTS,,,,Y,
,Michigan Lawyers Weekly,,$750,40,54,Legal,3-5 Days,N,Y,N,MICHIGAN,,,,Y,
,Minnesota Lawyer,,$750,54,65,Legal,3-5 Days,N,Y,N,MINNESOTA,,,,Y,
,Missouri Lawyers,,$750,46,58,Legal,3-5 Days,N,Y,N,MISSOURI,,,,Y,
,New Jersey Business,,$750,60,76,News,3-5 Days,N,Y,N,NEW JERSEY,,,,Y,
,Long Island Business News,,$750,59,72,News,3-5 Days,N,Y,N,NEW YORK,,,,Y,
,New York Daily Record,,$750,47,53,News,3-5 Days,N,Y,N,NEW YORK,,,,Y,
,Rhode Island Lawyers Weekly,,$750,34,40,Legal,3-5 Days,N,Y,N,NEW YORK,,,,Y,
,Rochester Business Journal,,$750,56,70,News,3-5 Days,N,Y,N,NEW YORK,,,,Y,
,North Carolina Lawyers,,$750,46,53,News,3-5 Days,N,Y,N,NORTH CAROLINA,,,,Y,
,Mecklenburg Times,,$750,43,43,News,3-5 Days,N,Y,N,NORTH CAROLINA,,,,Y,
,The Journal Record,,$750,58,72,News,3-5 Days,N,Y,N,OKLAHOMA,,,,Y,
,DJC Oregon,,$750,51,66,News,3-5 Days,N,Y,N,OREGON,,,,Y,
,Central Penn Business Journal,,$750,57,69,News,3-5 Days,N,Y,N,PENNSYLVANIA,,,,Y,
,Lehigh Valley Business,,$750,51,65,News,3-5 Days,N,Y,N,PENNSYLVANIA,,,,Y,
,GSA Business Report,,$750,48,59,Business,3-5 Days,N,Y,N,SOUTH CAROLINA,,,,Y,
,SC Biz News,,$750,37,54,News,3-5 Days,N,Y,N,SOUTH CAROLINA,,,,Y,
,Columbia Business Report,,$750,42,58,News,3-5 Days,N,Y,N,SOUTH CAROLINA,,,,Y,
,South Carolina Lawyers Weekly,,$750,34,38,Legal,3-5 Days,N,Y,N,SOUTH CAROLINA,,,,Y,
,Charleston Business,,$750,51,66,Business,3-5 Days,N,Y,N,SOUTH CAROLINA,,,,Y,
,Home Textiles Today,,$750,47,68,Lifestyle,3-5 Days,N,Y,N,UNITED STATES,,,,Y,
,Business of Law Digest,,$750,14,17,Legal,3-5 Days,N,Y,N,UNITED STATES,,,,Y,
,Finance & Commerce,,$750,60,58,News,3-5 Days,N,Y,N,UNITED STATES,,,,Y,
,Virginia Lawyers Weekly,,$750,48,62,Legal,3-5 Days,N,Y,N,UNITED STATES,,,,Y,
,Gifts & Decorations,,$750,52,64,Lifestyle,3-5 Days,N,Y,N,UNITED STATES,,,,Y,
,Designers Today,,$750,31,59,News,3-5 Days,N,Y,N,UNITED STATES,,,,Y,
,Home Furnishings News,,$750,46,58,Lifestyle,3-5 Days,N,Y,N,UNITED STATES,,,,Y,
,Pet Age,,$750,49,69,Entertainment,3-5 Days,N,Y,N,UNITED STATES,,,,Y,
,Furniture Today,,$750,69,76,Lifestyle,3-5 Days,N,Y,N,UNITED STATES,,,,Y,
,Home Accents Today,,$750,53,64,Lifestyle,3-5 Days,N,Y,N,UNITED STATES,,,,Y,
,Virginia Business,,$750,58,73,News,3-5 Days,N,Y,N,VIRIGINA,,,,Y,
,DailyReporter.com,,$750,51,60,News,3-5 Days,N,Y,N,WISCONSIN,,,,Y,
,Wisconsin Law Journal,,$750,53,56,Legal,3-5 Days,N,Y,N,WISCONSIN,,,,Y,
Raised,The Street,,$750,87,87,News,1 Week,N,Y,Y,UNITED STATES,,,,Y,
,The Denver Gazette,,$750,62,73,News,1 Week,N,Y,N,COLORADO,,Y,,Y,Y
,The Gazette,,$750,77,80,News,1 Week,N,Y,N,COLORADO,,Y,,Y,Y
,Jimboomba Times,,$750,39,39,News,1 Week,N,Y,Y,AUSTRALIA,1.25x Cost,1.25x Cost,1.25x Cost,1.25x Cost,1.25x Cost
,Goulburn Post,,$750,49,56,News,1 Week,N,Y,Y,AUSTRALIA,1.25x Cost,1.25x Cost,1.25x Cost,1.25x Cost,1.25x Cost
,Mudgee Guardian,,$750,44,47,News,1 Week,N,Y,Y,AUSTRALIA,1.25x Cost,1.25x Cost,1.25x Cost,1.25x Cost,1.25x Cost
,Busselton Mail,,$750,49,57,News,1 Week,N,Y,Y,AUSTRALIA,1.25x Cost,1.25x Cost,1.25x Cost,1.25x Cost,1.25x Cost
,North Queen Land Register,,$750,48,52,News,1 Week,N,Y,Y,AUSTRALIA,1.25x Cost,1.25x Cost,1.25x Cost,1.25x Cost,1.25x Cost
,Margaret River Mail,,$750,41,39,News,1 Week,N,Y,Y,AUSTRALIA,1.25x Cost,1.25x Cost,1.25x Cost,1.25x Cost,1.25x Cost
,Macleay Argus,,$750,51,54,News,1 Week,N,Y,Y,AUSTRALIA,1.25x Cost,1.25x Cost,1.25x Cost,1.25x Cost,1.25x Cost
,Katherine Times,,$750,46,50,News,1 Week,N,Y,Y,AUSTRALIA,1.25x Cost,1.25x Cost,1.25x Cost,1.25x Cost,1.25x Cost
,Mail Times,,$750,46,46,News,1 Week,N,Y,Y,AUSTRALIA,1.25x Cost,1.25x Cost,1.25x Cost,1.25x Cost,1.25x Cost
,Stock Journal,,$750,46,46,News,1 Week,N,Y,Y,AUSTRALIA,1.25x Cost,1.25x Cost,1.25x Cost,1.25x Cost,1.25x Cost
,Redland City Bulletin,,$750,48,59,News,1 Week,N,Y,Y,AUSTRALIA,1.25x Cost,1.25x Cost,1.25x Cost,1.25x Cost,1.25x Cost
,Bunbury Mail,,$750,53,50,News,1 Week,N,Y,Y,AUSTRALIA,1.25x Cost,1.25x Cost,1.25x Cost,1.25x Cost,1.25x Cost
,Stock and Land,,$750,48,60,News,1 Week,N,Y,Y,AUSTRALIA,1.25x Cost,1.25x Cost,1.25x Cost,1.25x Cost,1.25x Cost
,Port Stephens Examiner,,$750,42,48,Lifestyle,1 Week,N,Y,Y,AUSTRALIA,1.25x Cost,1.25x Cost,1.25x Cost,1.25x Cost,1.25x Cost
,Radar Online,,$750,81,78,News,1 Week,N,Y,Y,UNITED STATES,,Y,Y,Y,Y
,Whittier Daily News,,$750,68,69,News,1-2 Weeks,Discrete,N,N,CALIFORNIA,,x2 Cost,x2 Cost,x2 Cost,x2 Cost
,Excelsior California,,$750,49,44,News,1-2 Weeks,N,N,N,CALIFORNIA,,x2 Cost,x2 Cost,x2 Cost,x2 Cost
,Readwrite.com,,$750,87,84,Tech,1-2 Weeks,Discrete,Y,Y,UNITED STATES,,,,,
,The San Bernardino Sun,,$750,79,74,News,1-2 Weeks,Discrete,N,N,CALIFORNIA,,x2 Cost,x2 Cost,x2 Cost,x2 Cost
,Pasadena Star News,,$750,75,73,News,1-2 Weeks,Discrete,N,N,CALIFORNIA,,x2 Cost,x2 Cost,x2 Cost,x2 Cost
,OC Register,,$750,89,85,News,1-2 Weeks,Discrete,N,N,CALIFORNIA,,x2 Cost,x2 Cost,x2 Cost,x2 Cost
,Press Telegram,,$750,79,76,News,1-2 Weeks,Discrete,N,N,CALIFORNIA,,x2 Cost,x2 Cost,x2 Cost,x2 Cost
,Redlands Daily Facts,,$750,68,66,News,1-2 Weeks,Discrete,N,N,CALIFORNIA,,x2 Cost,x2 Cost,x2 Cost,x2 Cost
,Denver Post,,$750,67,73,News,1-2 Weeks,Discrete,N,N,CALIFORNIA,,x2 Cost,x2 Cost,x2 Cost,x2 Cost
,San Gabriel Valley Tribune,,$750,73,73,News,1-2 Weeks,Discrete,N,N,CALIFORNIA,,x2 Cost,x2 Cost,x2 Cost,x2 Cost
,Daily Breeze,,$750,74,76,News,1-2 Weeks,Discrete,N,N,CALIFORNIA,,x2 Cost,x2 Cost,x2 Cost,x2 Cost
,San Diego Union Tribune,,$750,86,87,News,1-2 Weeks,Discrete,N,N,CALIFORNIA,,x2 Cost,x2 Cost,x2 Cost,x2 Cost
,Daily Bulletin,,$750,73,72,News,1-2 Weeks,Discrete,N,N,CALIFORNIA,,x2 Cost,x2 Cost,x2 Cost,x2 Cost
,Silicon Valley,,$750,67,73,News,1-2 Weeks,Discrete,N,N,CALIFORNIA,,x2 Cost,x2 Cost,x2 Cost,x2 Cost
,Los Angeles Daily News,,$750,82,81,News,1-2 Weeks,Discrete,N,N,CALIFORNIA,,x2 Cost,x2 Cost,x2 Cost,x2 Cost
,Press Enterprise,,$750,60,70,News,1-2 Weeks,Discrete,N,N,CALIFORNIA,,x2 Cost,x2 Cost,x2 Cost,x2 Cost
,Daily Press,,$750,78,77,News,3-5 Days,Discreet,N,N,NEW YORK,,x2 Cost,x2 Cost,x2 Cost,x2 Cost
,The Morning Call,,$750,81,80,News,3-5 Days,Discreet,N,N,PENNSYLVANIA,,x2 Cost,x2 Cost,x2 Cost,x2 Cost
,Pilot Online,,$750,75,81,News,3-5 Days,Discreet,N,N,VIRGINIA,,x2 Cost,x2 Cost,x2 Cost,x2 Cost
,Hartford Courant,,$750,83,83,News,3-5 Days,Discreet,N,N,CONNECTICUT,,x2 Cost,x2 Cost,x2 Cost,x2 Cost
,Sun Sentinel,,$750,88,85,News,3-5 Days,Discreet,N,N,FLORIDA,,x2 Cost,x2 Cost,x2 Cost,x2 Cost
,Orlando Sentinel,,$750,87,85,News,3-5 Days,Discreet,N,N,FLORIDA,,x2 Cost,x2 Cost,x2 Cost,x2 Cost
,Baltimore Sun,,$750,90,87,News,3-5 Days,Discreet,N,N,MARYLAND,,x2 Cost,x2 Cost,x2 Cost,x2 Cost
,NY Daily News,,$750,93,89,News,3-5 Days,Discreet,N,N,NEW YORK,,x2 Cost,x2 Cost,x2 Cost,x2 Cost
,Chicago Tribune,,$750,92,91,News,3-5 Days,Discreet,N,N,ILLINOIS,,x2 Cost,x2 Cost,x2 Cost,x2 Cost
,Barchart (Press Release),,$750,62,79,News,3-5 Days,N,Y,N,UNITED STATES,,,,,
,DevX,,$750,60,73,News,1-3 Days,N,Y,Y,UNITED STATES,,,,,
,Mercury News,,$750,91,88,News,3-5 Days,Y,N,N,CALIFORNIA,,Y,Y,Y,
,East Bay Times,,$750,79,79,News,3 Days,N,N,N,CALIFORNIA,,Y,Y,Y,Y
,Fast Company (Mexico),,$750,14,4.6,Business,1 Week,N,Y,Y,MEXICO,,,,,
,Bradenton Herald (Press Release),,$750,76,74,News,3-5 Days,Discrete,Maybe,N,FLORIDA,,,,Y,
,San Clemente Times,,$750,58,52,News,1-3 Days,N,Y,Y,CALIFORNIA,Y,Y,Y,Y,Y
,The Olympian (Press Release),,$750,71,74,News,1 Week,Discrete,Maybe,N,WASHINGTON STATE,,,,Y,
,Belleville News-Democrat (Press Release),,$750,72,73,News,3-5 Days,Discrete,Maybe,N,ILLINOIS,,,,Y,
,Kansas.com (Press Release),,$750,80,78,News,3-5 Days,Discrete,Maybe,N,KANSAS,,,,Y,
,Charlotte Observer (Press Release),,$750,86,82,News,3-5 Days,Discrete,Maybe,N,CALIFORNIA,,,,Y,
,The Sacramento Bee (Press Release),,$750,85,85,News,3-5 Days,Discrete,Maybe,N,ARIZONA,,,,Y,
,Phoenix.org,,$750,51,56,News,1-3 Days,N,Y,Y,CALIFORNIA,Y,Y,Y,Y,Y
,The Modesto Bee (Press Release),,$750,76,75,News,3-5 Days,Discrete,Maybe,N,CALIFORNIA,,,,Y,
,Centre Daily Times (Press Release),,$750,73,74,News,3-5 Days,Discrete,Maybe,N,PENNSYLVANIA,,,,Y,
,Myrtle Beach Sun News (Press Release),,$750,72,73,News,3-5 Days,Discrete,Maybe,N,SOUTH CAROLINA,,,,Y,
,The Herald Sun (Press Release),,$750,76,72,News,3-5 Days,Discrete,Maybe,N,NORTH CAROLINA,,,,Y,
,Ledger Enquirer (Press Release),,$750,75,73,News,3-5 Days,Discrete,Maybe,N,GEORGIA,,,,Y,
,Dana Point Times ,,$750,58,52,News,1-3 Days,N,Y,Y,CALIFORNIA,Y,Y,Y,Y,Y
,The Island Packet (Press Release),,$750,77,73,News,3-5 Days,Discrete,Maybe,N,SOUTH CAROLINA,,,,Y,
,Idaho Statesman (Press Release),,$750,76,78,News,3-5 Days,Discrete,Maybe,N,IDAHO,,,,Y,
,Merced Sun Star (Press Release),,$750,66,71,News,3-5 Days,Discrete,Maybe,N,CALIFORNIA,,,,Y,
,The Herald (Press Release),,$750,71,73,News,3-5 Days,Discrete,Maybe,N,SOUTH CAROLINA,,,,Y,
,The Bellingham Herald (Press Release),,$750,68,73,News,3-5 Days,Discrete,Maybe,N,WASHINGTON STATE,,,,Y,
,Fort Worth Star-Telegram (Press Release),,$750,83,81,News,3-5 Days,Discrete,Y,N,TEXAS,,,,,
,Kansas City Star (Press Release),,$750,94,83,News,3-5 Days,Discrete,Maybe,N,KANSAS,,,,Y,
,The News Tribune (Press Release),,$750,76,78,News,3-5 Days,Discrete,Maybe,N,WASHINGTON STATE,,,,Y,
,The Fresno Bee (Press Release),,$750,77,78,News,3-5 Days,Discrete,Maybe,N,CALIFORNIA,,,,Y,
,Lexington Herald-Leader (Press Release),,$750,85,79,News,3-5 Days,Discrete,Maybe,N,KENTUCKY,,,,Y,
,Tri-City Herald (Press Release),,$750,67,74,News,3-5 Days,Discrete,Maybe,N,WASHINGTON STATE,,,,Y,
,The News & Observer (Press Release),,$750,82,83,News,3-5 Days,Discrete,Maybe,N,SOUTH CAROLINA,,,,Y,
,San Luis Obispo Tribune (Press Release),,$750,76,75,News,3-5 Days,Discrete,Maybe,N,CALIFORNIA,,,,Y,
,Miami Herald (Press Release),,$750,90,87,News,1 Week,Discrete,Maybe,N,FLORIDA,,,,,
,The State (Press Release),,$750,80,79,News,3-5 Days,Discrete,Maybe,N,SOUTH CAROLINA,,,,Y,
,CoinCodex,,$750,54,76,Crypto,3-5 Days,Discreet,Y,N,GLOBAL,,,,Y,Y
,Wonderwall.com,,$750,78,59,Lifestyle,1 Week,N,Y,Y,UNITED STATES,,Y,Y,Y,Y
,Spin.com,,$750,85,79,News,1 Week,N,Y,Y,UNITED STATES,,,,,
,L'Officiel Monaco,,$750,37,50,Fashion,1-3 Days,N,Y,Y,GLOBAL,,,,,
,Coingape (Press Release),,$750,57,75,Crypto,3 Days,Discreet,Y,N,GLOBAL,,,,Y,
,Coin Edition,,$750,34,58,Crypto,3-5 Days,Discreet,Y,N,GLOBAL,,,,,
,Crypto Potato (Press Release),,$750,60,78,Crypto,1-2 Weeks,Discreet,Y,N,GLOBAL,,,,Y,
,Elle (Ukraine),,$750,57,63,Fashion,1-2 Weeks,N,Y,N,UKRAINE,,,,,
,L'Officiel Austria,,$750,38,53,Fashion,1 Week,N,Y,Y,GLOBAL,,,,,
,KNewz,,$750,55,54,News,1 Week,N,Y,Y,GLOBAL,,Y,Y,Y,Y
,Harper's Bazaar Vietnam,,$750,43,67,Lifestyle,1 Week,N,Y,Y,GLOBAL,,,,,
,IB Times (AU),,$750,70,71,News,3-5 Days,Y,Y,N,AUSTRALIA,,Y,,Y,
,Hollywood Life,,$750,90,80,Lifestyle,1-3 Days,N,Y,Y,CALIFORNIA,,Y,Y,,
,Daily Sundial,,$750,82,82,News,1 Week,N,Y,Y,UNITED STATES,,,,,
,Readwrite.com (Syndicates to Apple News),,$750,87,84,News,1-2 Weeks,N,Y,Y,UNITED STATES,,,,,
,Technori,,$750,52,54,Tech,1-3 Days,N,Y,Y,UNITED STATES,,,,Y,
,Adviser Innovation,,$750,30,34,News,3-5 Days,N,Y,Y,AUSTRALIA,Y,Y,Y,Y,
,Money Management,,$750,51,71,News,3-5 Days,N,Y,Y,AUSTRALIA,Y,Y,Y,Y,
,Lawyers Weekly,,$750,54,72,News,3-5 Days,N,Y,Y,AUSTRALIA,Y,Y,Y,Y,
,Accounting Times,,$750,35,44,News,3-5 Days,N,Y,Y,AUSTRALIA,Y,Y,Y,Y,
,Property Buzz,,$750,23,31,News,3-5 Days,N,Y,Y,AUSTRALIA,Y,Y,Y,Y,
,Super Review,,$750,39,48,News,3-5 Days,N,Y,Y,AUSTRALIA,Y,Y,Y,Y,
,IFA,,$750,41,63,News,3-5 Days,N,Y,Y,AUSTRALIA,Y,Y,Y,Y,
,HR Leader,,$750,32,51,News,3-5 Days,N,Y,Y,AUSTRALIA,Y,Y,Y,Y,
,Space Connect Online,,$750,34,50,News,3-5 Days,N,Y,Y,AUSTRALIA,Y,Y,Y,Y,
,Residential Property Management,,$750,40,69,News,3-5 Days,N,Y,Y,AUSTRALIA,Y,Y,Y,Y,
,Nestegg,,$750,36,51,News,3-5 Days,N,Y,Y,AUSTRALIA,Y,Y,Y,Y,
,Wellness Daily,,$750,28,41,News,3-5 Days,N,Y,Y,AUSTRALIA,Y,Y,Y,Y,
,The Adviser,,$750,39,48,News,3-5 Days,N,Y,Y,AUSTRALIA,Y,Y,Y,Y,
,Investor Daily,,$750,49,66,News,3-5 Days,N,Y,Y,AUSTRALIA,Y,Y,Y,Y,
,Fintech Business,,$750,50,66,News,3-5 Days,N,Y,Y,AUSTRALIA,Y,Y,Y,Y,
,Australian Aviation,,$750,68,66,News,3-5 Days,N,Y,Y,AUSTRALIA,Y,Y,Y,Y,
,Cyber Daily,,$750,56,69,News,3-5 Days,N,Y,Y,AUSTRALIA,Y,Y,Y,Y,
,Real Estate Business,,$750,40,69,News,3-5 Days,N,Y,Y,AUSTRALIA,Y,Y,Y,Y,
,Accountant Daily,,$750,43,70,News,3-5 Days,N,Y,Y,AUSTRALIA,Y,Y,Y,Y,
,Defence Connect,,$750,50,66,News,3-5 Days,N,Y,Y,AUSTRALIA,Y,Y,Y,Y,
,World of Aviation,,$750,34,36,News,3-5 Days,N,Y,Y,AUSTRALIA,Y,Y,Y,Y,
,SMSF Adviser,,$750,38,57,News,3-5 Days,N,Y,Y,AUSTRALIA,Y,Y,Y,Y,
,Broker Daily,,$750,37,56,News,3-5 Days,N,Y,Y,AUSTRALIA,Y,Y,Y,Y,
,Smart Property Investment,,$750,45,62,News,3-5 Days,N,Y,Y,AUSTRALIA,Y,Y,Y,Y,
Lowered,Calendar.com ,,$750,59,77,News,1 Week,N,Y,Y,UNITED STATES,,,,,
New,Republican Herald,,$750,59,67,News,2 Weeks,Discreet,N,N,UNITED STATES,,,,,
New,Loveland Reporter Herald,,$750,64,72,News,2 Weeks,Discreet,N,N,UNITED STATES,,,,,
New,WC Examiner,,$750,69,74,News,2 Weeks,Discreet,N,N,UNITED STATES,,,,,
New,The Reporter Online,,$750,64,70,News,2 Weeks,Discreet,N,N,UNITED STATES,,,,,
New,Mainline Media News,,$750,59,63,News,2 Weeks,Discreet,N,N,UNITED STATES,,,,,
New,EP Trail,,$750,53,57,News,2 Weeks,Discreet,N,N,UNITED STATES,,,,,
New,Saratogian,,$750,65,71,News,2 Weeks,Discreet,N,N,UNITED STATES,,,,,
New,The Voice News,,$750,53,55,News,2 Weeks,Discreet,N,N,UNITED STATES,,,,,
New,Inventor Spot,,$750,66,65,News,3-5 Days,N,Y,Y,UNITED STATES,,,,,
New,Lowell Sun,,$750,69,75,News,2 Weeks,Discreet,N,N,UNITED STATES,,,,,
New,Colorado Hometown Weekly,,$750,43,51,News,2 Weeks,Discreet,N,N,UNITED STATES,,,,,
New,Twin Cities,,$750,59,74,News,2 Weeks,Discreet,N,N,UNITED STATES,,,,,
New,Royal Oak Tribune,,$750,60,66,News,2 Weeks,Discreet,N,N,UNITED STATES,,,,,
New,Focus Magazine (Netherlands),,$750,30,45,News,1-2 Weeks,Y,Y,Y,UNITED STATES,,,,Y,Y
New,Nashoba Valley Voice,,$750,41,52,News,2 Weeks,Discreet,N,N,UNITED STATES,,,,,
New,Julesburg Advocate,,$750,37,30,News,2 Weeks,Discreet,N,N,UNITED STATES,,,,,
New,Macomb Daily,,$750,66,72,News,2 Weeks,Discreet,N,N,UNITED STATES,,,,,
New,Longmont Times-Call,,$750,70,72,News,2 Weeks,Discreet,N,N,UNITED STATES,,,,,
New,Sentineland Enterprise,,$750,70,71,News,2 Weeks,Discreet,N,N,UNITED STATES,,,,,
New,Potts Merc,,$750,62,71,News,2 Weeks,Discreet,N,N,UNITED STATES,,,,,
New,Press & Guide,,$750,58,60,News,2 Weeks,Discreet,N,N,UNITED STATES,,,,,
New,Troy Record,,$750,63,70,News,2 Weeks,Discreet,N,N,UNITED STATES,,,,,
New,The Morning Sun,,$750,61,70,News,2 Weeks,Discreet,N,N,UNITED STATES,,,,,
New,Boston Herald,,$750,85,83,News,2 Weeks,Discreet,N,N,UNITED STATES,,,,,
New,Times Herald,,$750,61,70,News,2 Weeks,Discreet,N,N,UNITED STATES,,,,,
New,The Times Tribune,,$750,69,74,News,2 Weeks,Discreet,N,N,UNITED STATES,,,,,
New,Reading Eagle,,$750,74,76,News,2 Weeks,Discreet,N,N,UNITED STATES,,,,,
New,Trentonian,,$750,64,71,News,2 Weeks,Discreet,N,N,UNITED STATES,,,,,
New,Morning Journal,,$750,62,71,News,2 Weeks,Discreet,N,N,UNITED STATES,,,,,
New,Canon City Daily Record,,$750,57,65,News,2 Weeks,Discreet,N,N,UNITED STATES,,,,,
New,The Fort Morgan Times,,$750,43,63,News,2 Weeks,Discreet,N,N,UNITED STATES,,,,,
New,Mindset Online,,$750,59,71,News,3-5 Days,N,Y,Y,UNITED STATES,,,,,
New,Burlington Record,,$750,35,38,News,2 Weeks,Discreet,N,N,UNITED STATES,,,,,
New,Broomfield Enterprise,,$750,54,57,News,2 Weeks,Discreet,N,N,UNITED STATES,,,,,
New,Standard Speaker,,$750,58,62,News,2 Weeks,Discreet,N,N,UNITED STATES,,,,,
New,Delco Times,,$750,68,74,News,1-2 Weeks,Discreet,N,N,UNITED STATES,,,,,
New,Oneida Dispatch,,$750,66,73,News,2 Weeks,Discreet,N,N,UNITED STATES,,,,,
New,Daily Freeman,,$750,66,73,News,2 Weeks,Discreet,N,N,UNITED STATES,,,,,
New,Daily Local,,$750,63,73,News,2 Weeks,Discreet,N,N,UNITED STATES,,,,,
New,Lamar Ledger,,$750,49,39,News,2 Weeks,Discreet,N,N,UNITED STATES,,,,,
New,The News Herald,,$750,62,67,News,2 Weeks,Discreet,N,N,UNITED STATES,,,,,
New,Akron News Reporter,,$750,43,28,News,2 Weeks,Discreet,N,N,UNITED STATES,,,,,
New,News-Herald Ohio News,,$750,67,73,News,2 Weeks,Discreet,N,N,UNITED STATES,,,,,
New,Citizens Voice,,$750,64,72,News,2 Weeks,Discreet,N,N,UNITED STATES,,,,,
New,The Oakland Press,,$750,70,75,News,2 Weeks,Discreet,N,N,UNITED STATES,,,,,
New,Boulder Daily Camera,,$750,77,78,News,2 Weeks,Discreet,N,N,UNITED STATES,,,,,
,Gulf Times,,$800,74,76,News,1-2 Weeks,N,Y,Y,DUBAI,,,,,
,Playboy (Netherlands),,$800,37,38,Entertainment,1 Week,N,Y,Y,NETHERLANDS,,Y,,,
,Mashable (NL),,$800,93,91,News,1 Week,N,Y,Y,NETHERLANDS,,Y,Y,Y,Y
,21 Oak,,$850,35,48,News,1 Week,N,Y,N,UNITED STATES,,,,,
,Pasadena Magazine,,$850,40,47,News,1 Week,N,Y,Y,CALIFORNIA,,,,,
,Orange Coast Magazine,,$850,55,68,News,1 Week,N,Y,Y,CALIFORNIA,,,,,
,LA Mag,,$850,83,81,News,1 Week,N,Y,Y,CALIFORNIA,,,,,
,Hollywood Unlocked,,$850,65,54,Enterainment ,1 Week,N,Y,Y,LOS ANGELES,,,,,
New,Star Magazine,,$850,64,62,Entertainment,3-5 Days,N,Y,Y,UNITED STATES,,Y,Y,Y,
New,National Enquirer,,$850,75,70,Entertainment,3-5 Days,N,Y,Y,UNITED STATES,,Y,Y,Y,
New,Yahoo Entertainment,,$850,95,92,Entertainment,5 Days,N,Y,N,UNITED STATES,,,,,
,Reuters (Press Release),,$900,94,92,News,1-2 Weeks,Y,Y,Y,UNITED STATES,,,,,
,Billboard (Italy),,"$1,000",46,51,Music,1 Week,N,Y,Y,ITALY,,,,,
,The Mandarin (Australia),,"$1,000",55,72,Business,3-5 Weeks,Discrete,Y,N,AUSTRALIA,,,,,
,OK! Magazine,,"$1,000",81,75,Entertainment,3-5 Days,N,Y,Y,UNITED STATES,,Y,Y,Y,Y
,Techopedia (Mention),,"$1,000",79,88,News,1 Week,N,Y,Y,UNITED STATES,,,,,
,Bust Magazine (Do-Follow),,"$1,000",74,75,Business,1-3 Days,N,Y,Y,UNITED STATES,,,,,
,Harper's Bazaar (Australia),,"$1,000",72,73,Fashion,3-5 Weeks,N,Y,Y,AUSTRALIA,,,,,
,Men's Health (Australia),,"$1,000",62,67,Lifestyle,3-5 Weeks,N,Y,Y,AUSTRALIA,,,,,
,Esquire (Australia),,"$1,000",32,32,Fashion,3-5 Weeks,N,Y,Y,AUSTRALIA,,,,,
,Women's Health (Australia),,"$1,000",59,70,Lifestyle,3-5 Weeks,N,Y,Y,AUSTRALIA,,,,,
,The Daily Jeffersonian,,"$1,000",50,55,News,1-2 Weeks,N,Y,N,OHIO,,,,Y,
,Marie Claire (Netherlands),,"$1,000",42,60,Fashion,1 Week,N,Y,Y,NETHERLANDS,,,,,
,Attitude,,"$1,000",76,72,News,1-2 Weeks,N,Y,Y,UNITED KINGDOM,,,Y,Y,
,Cryptonomist,,"$1,000",51,73,Crypto,3 Days,Discreet,Y,N,GLOBAL,,Y,,Y,
,Law & Crime,,"$1,000",80,75,Legal,3-5 Days,Discreet,Y,Y,GLOBAL,,,,,
,Mediate,,"$1,000",83,78,Alcohol,3-5 Days,Discreet,Y,N,GLOBAL,,,,,
,Smart Company Australia,,"$1,000",66,80,News,2-3 Weeks,Discreet,Y,N,AUSTRALIA,,,,,
,Cheboygan Daily Tribune,,"$1,000",52,48,News,1-2 Weeks,N,Y,N,MICHIGAN,,,,Y,
,Reporter-Times,,"$1,000",51,48,News,1-2 Weeks,N,Y,N,INDIANA,,,,Y,
,Lincoln Courier,,"$1,000",53,48,News,1-2 Weeks,N,Y,N,ILLINOIS,,,,Y,
,Kewanee Star Courier,,"$1,000",48,49,News,1-2 Weeks,N,Y,N,ILLINOIS,,,,Y,
,Canton Daily Ledger,,"$1,000",51,49,News,1-2 Weeks,N,Y,N,ILLINOIS,,,,Y,
,Times-Mail,,"$1,000",53,49,News,1-2 Weeks,N,Y,N,INDIANA,,,,Y,
,Pontiac Daily Leader,,"$1,000",50,50,News,1-2 Weeks,N,Y,N,ILLINOIS,,,,Y,
,Tri-County Independent,,"$1,000",55,50,News,1-2 Weeks,N,Y,N,PENNSYLVANIA,,,,Y,
,Coldwater Daily Reporter,,"$1,000",53,51,News,1-2 Weeks,N,Y,N,CALIFORNIA,,,,Y,
,McDonough County Voice,,"$1,000",50,52,News,1-2 Weeks,N,Y,N,ILLINOIS,,,,Y,
,The Record Herald,,"$1,000",55,52,News,1-2 Weeks,N,Y,N,PENNSYLVANIA,,,,Y,
,The Gardener News,,"$1,000",42,53,News,1-2 Weeks,N,Y,N,MASSACHUSETTS,,,,Y,
,Sturgis Journal,,"$1,000",53,53,News,1-2 Weeks,N,Y,N,MICHIGAN,,,,Y,
,The Sault News,,"$1,000",53,54,News,1-2 Weeks,N,Y,N,MICHIGAN,,,,Y,
,The Times Telegram,,"$1,000",51,54,News,1-2 Weeks,N,Y,N,NEW YORK,,,,Y,
,Bucyrus Telegraph-Forum,,"$1,000",55,54,News,1-2 Weeks,N,Y,N,OHIO,,,,Y,
,Port Clinton News Herald,,"$1,000",54,54,News,1-2 Weeks,N,Y,N,OHIO,,,,Y,
,Corning Leader,,"$1,000",57,55,News,1-2 Weeks,N,Y,N,NEW YORK,,,,Y,
,Marshfield News Herald,,"$1,000",56,55,News,1-2 Weeks,N,Y,N,WISCONSIN,,,,Y,
,Henderson News,,"$1,000",50,55,News,1-2 Weeks,N,Y,N,KENTUCKY,,,,Y,
,Ashland TImes Gazette ,,"$1,000",54,55,News,1-2 Weeks,N,Y,N,OHIO,,,,Y,
,Hillsdale Daily News,,"$1,000",52,56,News,1-2 Weeks,N,Y,N,MICHIGAN,,,,Y,
,Ruidoso News,,"$1,000",53,56,News,1-2 Weeks,N,Y,N,NEW MEXICO,,,,Y,
,Pekin Daily Times,,"$1,000",55,56,News,1-2 Weeks,N,Y,N,ILLINOIS,,,,Y,
,Winter Haven News Chief,,"$1,000",60,56,News,1-2 Weeks,N,Y,N,FLORIDA,,,,Y,
,Daily World,,"$1,000",55,57,News,1-2 Weeks,N,Y,N,LOUISIANA,,,,Y,
,Watertown Public Opinion,,"$1,000",56,58,News,1-2 Weeks,N,Y,N,SOUTH DAKOTA,,,,Y,
,Ellwood City Ledger,,"$1,000",54,58,News,1-2 Weeks,N,Y,N,PENNSYLVANIA,,,,Y,
,The Evening Tribune,,"$1,000",57,58,News,1-2 Weeks,N,Y,N,NEW YORK,,,,Y,
,Freeport Journal Standard,,"$1,000",57,58,News,1-2 Weeks,N,Y,N,ILLINOIS,,,,Y,
,Pal-item,,"$1,000",58,58,News,1-2 Weeks,N,Y,N,INDIANA,,,,Y,
,Oakridger,,"$1,000",56,60,News,1-2 Weeks,N,Y,N,TENNESSEE,,,,Y,
,Coshocton Tribune,,"$1,000",57,60,News,1-2 Weeks,N,Y,N,OHIO,,,,Y,
,Examiner-Enterprise,,"$1,000",59,61,News,1-2 Weeks,N,Y,N,OKLAHOMA,,,,Y,
,Wisconsin Rapids Tribune,,"$1,000",59,61,News,1-2 Weeks,N,Y,N,WISCONSIN,,,,Y,
,Daily Comet,,"$1,000",60,61,News,1 Week,N,Y,N,LOUISIANA,,,,Y,
,Stevens Point Journal,,"$1,000",57,62,News,1-2 Weeks,N,Y,N,WISCONSIN,,,,Y,
,Massillon Independent,,"$1,000",59,63,News,1-2 Weeks,N,Y,N,OHIO,,,,Y,
,Salina Journal,,"$1,000",60,63,News,1-2 Weeks,N,Y,N,KANSAS,,,,Y,
,Fremont News Meesenger,,"$1,000",57,63,News,1-2 Weeks,N,Y,N,OHIO,,,,Y,
,Daily American Online,,"$1,000",57,64,News,1-2 Weeks,N,Y,N,PENNSYLVANIA,,,,Y,
,The Daily Telegram,,"$1,000",58,64,News,1-2 Weeks,N,Y,N,MICHIGAN,,,,Y,
,Chillicothe Gazette,,"$1,000",61,64,News,1-2 Weeks,N,Y,N,OHIO,,,,Y,
,Lancaster Eagle-Gazette,,"$1,000",58,65,News,1-2 Weeks,N,Y,N,OHIO,,,,Y,
,Galesburg Register Mail,,"$1,000",59,65,News,1-2 Weeks,N,Y,N,ILLINOIS,,,,Y,
,Daily Messenger,,"$1,000",60,65,News,1-2 Weeks,N,Y,N,NEW YORK,,,,Y,
,The Marion Star,,"$1,000",61,65,News,1-2 Weeks,N,Y,N,OHIO,,,,Y,
,The Progress-Index,,"$1,000",60,66,News,1-2 Weeks,N,Y,N,VIRGINIA,,,,Y,
,Herald Times Reporter,,"$1,000",60,66,News,1-2 Weeks,N,Y,N,WISCONSIN,,,,Y,
,The Gadsden Times,,"$1,000",61,67,News,1-2 Weeks,N,Y,N,ALABAMA,,,,Y,
,The Newport Daily News,,"$1,000",58,71,News,1-2 Weeks,N,Y,N,RHODE ISLAND,,,,Y,
,The Daily Advertiser,,"$1,000",68,73,News,1-2 Weeks,N,Y,N,LOUISIANA,,,,Y,
,Winter Haven News Chief,,"$1,000",60,56,News,1-2 Weeks,N,Y,N,FLORIDA,,,,Y,
,The Alliance Review,,"$1,000",54,63,News,1-2 Weeks,N,Y,N,OHIO,,,,Y,
,Kent Ravenna Record-Courier,,"$1,000",55,62,News,1-2 Weeks,N,Y,N,OHIO,,,,Y,
,Times Reporter,,"$1,000",60,65,News,1-2 Weeks,N,Y,N,OHIO,,,,Y,
,The Daily Record,,"$1,000",57,66,News,1-2 Weeks,N,Y,N,OHIO,,,,Y,
,House & Garden Africa,,"$1,000",45,46,Real Estate,1 Week,N,Y,N,AFRICA,,Y,,,
,Bottle Raiders,,"$1,000",36,45,Lifestyle,1 Week,N,Y,N,UNITED STATES,,,,,
,Food and Wine Espaol,,"$1,000",49,55,LifeStyle,1-2 Weeks,Y,Y,N,MEXICO,,,,,
,Fault Magazine,,"$1,000",60,55,Entertainment,1-2 Weeks,N,Y,Y,UNITED STATES,,,,,
New (Posted in German),Nextplay,,"$1,000",19,38,Tech,1-2 Weeks,Y,Y,Y,UNITED STATES,,,,Y,Y
,Paste Magazine,,"$1,150",86,83,Music,1 Week,N,Y,Y,GEORGIA,,,,,
,AV Club,,"$1,150",87,82,Lifestyle,1 Week,N,Y,Y,UNITED STATES,,,,,
,Splinter.com,,"$1,150",73,72,News,1 Week,N,Y,Y,UNITED STATES,,,,,
,Jezebel.com,,"$1,150",84,82,Entertainment,1 Week,N,Y,Y,UNITED STATES,,,,,
,Glamour South Africa,,"$1,150",57,58,Fashion,1 Week,N,Y,N,AFRICA,,Y,,,
,GQ South Africa ,,"$1,150",56,62,Fashion,1 Week,N,Y,N,AFRICA,,Y,,,
,Travel and Leisure Mexico,,"$1,200",19,14,News,1 Week,Discrete,Y,Y,MEXICO,,,,,
,Fashion Times,,"$1,200",59,53,Fashion,1 Week,N,Y,N,UNITED STATES,,,,,
,Player One,,"$1,200",74,53,News,3-5 Days,Y,Y,N,UNITED STATES,,Y,,Y,
,Forbes Columbia ,,"$1,200",61,73,News,1-2 Weeks,Discreet,Y,Y,COLUMBIA,,,,,
,Forbes Mexico,,"$1,200",89,82,News,1-2 Weeks,Discreet,Y,N,MEXICO,,,,,
,Entrepreneur (India),,"$1,200",92,91,News,1-2 Weeks,N,Y,Y,INDIA,,,,,
,Rolling Stone (Australia),,"$1,250",92,90,Entertainment,1 Week,N,Y,Y,AUSTRALIA,,,,,
,The Music Network,,"$1,250",62,69,Music,1 Week,N,Y,Y,AUSTRALIA,,,,,
,Variety (Australia),,"$1,250",93,91,Entertainment,1 Week,N,Y,Y,AUSTRALIA,,,,,
,The Brag (Australia),,"$1,250",77,71,News,1 Week,N,Y,Y,AUSTRALIA,,,,,
,Tone Deaf (Australia),,"$1,250",77,71,Entertainment,1 Week,N,Y,Y,AUSTRALIA,,,,,
Raised,Medical Daily,,"$1,250",82,81,Medical,1 Week,N,Y,N,GLOBAL,,Y,,Y,
Raised,Rolling Stone (MENA),,"$1,250",92,90,Entertainment,1-2 Weeks,N,Y,Y,AFRICA,,,,,
,IB Times (NA),,"$1,250",92,86,Business,1 Week,N,Y,N,UNITED STATES,,,,,
,The Manual,,"$1,250",76,77,Lifestyle,1 Week,N,Y,Y,UNITED STATES,,,,Y,
,The Express (US) (Contributor),,"$1,250",58,62,News,1-2 Weeks,N,Y,N,UNITED STATES,,,,,
,The Mirror (US) (Contributor),,"$1,250",61,69,News,1 Week,N,Y,N,UNITED STATES,,,,,
,Portnews,,"$1,250",58,61,News,1 Week,N,Y,Y,AUSTRALIA,1.25x Cost,1.25x Cost,1.25x Cost,1.25x Cost,1.25x Cost
,Central Western Daily,,"$1,250",53,58,News,1 Week,N,Y,Y,AUSTRALIA,1.25x Cost,1.25x Cost,1.25x Cost,1.25x Cost,1.25x Cost
,The Examiner,,"$1,250",63,71,News,1 Week,N,Y,Y,AUSTRALIA,1.25x Cost,1.25x Cost,1.25x Cost,1.25x Cost,1.25x Cost
,Bendigo Advertiser,,"$1,250",58,68,News,1 Week,N,Y,Y,AUSTRALIA,1.25x Cost,1.25x Cost,1.25x Cost,1.25x Cost,1.25x Cost
,Western Advocate,,"$1,250",51,57,News,1 Week,N,Y,Y,AUSTRALIA,1.25x Cost,1.25x Cost,1.25x Cost,1.25x Cost,1.25x Cost
,Newcastle Herald,,"$1,250",63,73,News,1 Week,N,Y,Y,AUSTRALIA,1.25x Cost,1.25x Cost,1.25x Cost,1.25x Cost,1.25x Cost
,Hawkesbury Gazette,,"$1,250",53,54,News,1 Week,N,Y,Y,AUSTRALIA,1.25x Cost,1.25x Cost,1.25x Cost,1.25x Cost,1.25x Cost
,Bega District News,,"$1,250",54,56,News,1 Week,N,Y,Y,AUSTRALIA,1.25x Cost,1.25x Cost,1.25x Cost,1.25x Cost,1.25x Cost
,Daily Liberal,,"$1,250",69,62,News,1 Week,N,Y,Y,AUSTRALIA,1.25x Cost,1.25x Cost,1.25x Cost,1.25x Cost,1.25x Cost
,Blue Mountain Gazette,,"$1,250",51,63,News,1 Week,N,Y,Y,AUSTRALIA,1.25x Cost,1.25x Cost,1.25x Cost,1.25x Cost,1.25x Cost
,Farm Weekly,,"$1,250",57,63,News,1 Week,N,Y,Y,AUSTRALIA,1.25x Cost,1.25x Cost,1.25x Cost,1.25x Cost,1.25x Cost
,The Land,,"$1,250",53,71,News,1 Week,N,Y,Y,AUSTRALIA,1.25x Cost,1.25x Cost,1.25x Cost,1.25x Cost,1.25x Cost
,Mandurah Mail,,"$1,250",55,56,News,1 Week,N,Y,Y,AUSTRALIA,1.25x Cost,1.25x Cost,1.25x Cost,1.25x Cost,1.25x Cost
,The Advocate,,"$1,250",57,68,News,1 Week,N,Y,Y,AUSTRALIA,1.25x Cost,1.25x Cost,1.25x Cost,1.25x Cost,1.25x Cost
,Northwest Star,,"$1,250",51,56,News,1 Week,N,Y,Y,AUSTRALIA,1.25x Cost,1.25x Cost,1.25x Cost,1.25x Cost,1.25x Cost
,Queensland Country Life,,"$1,250",60,69,News,1 Week,N,Y,Y,AUSTRALIA,1.25x Cost,1.25x Cost,1.25x Cost,1.25x Cost,1.25x Cost
,Bordermail,,"$1,250",63,68,News,1 Week,N,Y,Y,AUSTRALIA,1.25x Cost,1.25x Cost,1.25x Cost,1.25x Cost,1.25x Cost
,Armidale Express,,"$1,250",47,52,News,1 Week,N,Y,Y,AUSTRALIA,1.25x Cost,1.25x Cost,1.25x Cost,1.25x Cost,1.25x Cost
,The Daily Advertiser,,"$1,250",56,58,News,1 Week,N,Y,Y,AUSTRALIA,1.25x Cost,1.25x Cost,1.25x Cost,1.25x Cost,1.25x Cost
,The Leader,,"$1,250",61,71,News,1 Week,N,Y,Y,AUSTRALIA,1.25x Cost,1.25x Cost,1.25x Cost,1.25x Cost,1.25x Cost
,Southern Highland News,,"$1,250",45,54,News,1 Week,N,Y,Y,AUSTRALIA,1.25x Cost,1.25x Cost,1.25x Cost,1.25x Cost,1.25x Cost
,Maitland Mercury,,"$1,250",55,57,News,1 Week,N,Y,Y,AUSTRALIA,1.25x Cost,1.25x Cost,1.25x Cost,1.25x Cost,1.25x Cost
,Illawarra Mercury,,"$1,250",63,72,News,1 Week,N,Y,Y,AUSTRALIA,1.25x Cost,1.25x Cost,1.25x Cost,1.25x Cost,1.25x Cost
,The Standard,,"$1,250",57,65,News,1 Week,N,Y,Y,AUSTRALIA,1.25x Cost,1.25x Cost,1.25x Cost,1.25x Cost,1.25x Cost
,Northern Daily Leader,,"$1,250",54,63,News,1 Week,N,Y,Y,AUSTRALIA,1.25x Cost,1.25x Cost,1.25x Cost,1.25x Cost,1.25x Cost
,South Coast Register,,"$1,250",49,56,News,1 Week,N,Y,Y,AUSTRALIA,1.25x Cost,1.25x Cost,1.25x Cost,1.25x Cost,1.25x Cost
,The Courier,,"$1,250",63,71,News,1 Week,N,Y,Y,AUSTRALIA,1.25x Cost,1.25x Cost,1.25x Cost,1.25x Cost,1.25x Cost
,The Californian,,"$1,250",67,69,News,1-2 Weeks,N,Y,N,CALIFORNIA,,,,Y,
,Wausau Daily Herald,,"$1,250",76,70,News,1-2 Weeks,N,Y,N,WISCONSIN,,,,Y,
,Journal & Courier,,"$1,250",72,72,News,1-2 Weeks,N,Y,N,INDIANA,,,,Y,
,Record Searchlight,,"$1,250",68,73,News,1-2 Weeks,N,Y,N,CALIFORNIA,,,,Y,
,Post Crescent,,"$1,250",76,73,News,1-2 Weeks,N,Y,N,WISCONSIN,,,,Y,
,York Daily Record,,"$1,250",79,74,News,1-2 Weeks,N,Y,N,PENNSYLVANIA,,,,Y,
,Lubbock Avalanche-Journal,,"$1,250",81,74,News,1-2 Weeks,N,Y,N,TEXAS,,,,Y,
,Green Bay Press Gazette,,"$1,250",75,75,News,1-2 Weeks,N,Y,N,WISCONSIN,,,,Y,
,The Fayetteville Observer,,"$1,250",76,75,News,1-2 Weeks,N,Y,N,NORTH CAROLINA,,,,Y,
,My Central Jersey,,"$1,250",81,75,News,1-2 Weeks,N,Y,N,NEW JERSEY,,,,Y,
,The Coloradoan,,"$1,250",75,76,News,1-2 Weeks,N,Y,N,COLORADO,,,,Y,
,Montgomery Advertiser,,"$1,250",76,76,News,1-2 Weeks,N,Y,N,ALABAMA,,,,Y,
,Burlington Free Press,,"$1,250",75,76,News,1-2 Weeks,N,Y,N,VERMONT,,,,Y,
,The Gainesville Sun,,"$1,250",76,76,News,1-2 Weeks,N,Y,N,FLORIDA,,,,Y,
,GoErie,,"$1,250",77,76,News,1-2 Weeks,N,Y,N,PENNSYLVANIA,,,,Y,
,Statesman Journal,,"$1,250",78,76,News,1-2 Weeks,N,Y,N,OREGON,,,,Y,
,The Citizen-Times,,"$1,250",77,77,News,1-2 Weeks,N,Y,N,NORTH CAROLINA,,,,Y,
,Tallahassee Democrat,,"$1,250",77,78,News,1-2 Weeks,N,Y,N,FLORIDA,,,,Y,
,Florida Today,,"$1,250",77,78,News,1-2 Weeks,N,Y,N,FLORIDA,,,,Y,
,Reno Gazette-Journal,,"$1,250",78,78,News,1-2 Weeks,N,Y,N,NEVADA,,,,Y,
,Naples Daily News,,"$1,250",79,78,News,1-2 Weeks,N,Y,N,FLORIDA,,,,Y,
,The News-Press,,"$1,250",78,78,News,1-2 Weeks,N,Y,N,FLORIDA,,,,Y,
,The Clarion-Ledger,,"$1,250",79,78,News,1-2 Weeks,N,Y,N,MISSISSIPPI,,,,Y,
,Democrat & Chronicle,,"$1,250",78,79,News,1-2 Weeks,N,Y,N,NEW YORK,,,,Y,
,The Desert Sun,,"$1,250",76,79,News,1-2 Weeks,N,Y,N,CALIFORNIA,,,,Y,
,Delaware Online,,"$1,250",78,79,News,1-2 Weeks,N,Y,N,DELAWARE,,,,Y,
,The Journal News,,"$1,250",80,79,News,1-2 Weeks,N,Y,N,NEW YORK,,,,Y,
,Knox News,,"$1,250",84,79,News,1-2 Weeks,N,Y,N,TENNESSEE,,,,Y,
,The Providence Journal,,"$1,250",78,80,News,1-2 Weeks,N,Y,N,RHODE ISLAND,,,,Y,
,Commercial Appeal,,"$1,250",78,78,News,1-2 Weeks,N,Y,N,TENNESSEE,,,,Y,
,Asbury Park Press,,"$1,250",81,80,News,1-2 Weeks,N,Y,N,NEW JERSEY,,,,Y,
,Florida Times-Union,,"$1,250",79,80,News,1-2 Weeks,N,Y,N,FLORIDA,,,,Y,
,Sarasota Herald-Tribune,,"$1,250",79,80,News,1-2 Weeks,N,Y,N,FLORIDA,,,,Y,
,Louisville News,,"$1,250",81,81,News,1-2 Weeks,N,Y,N,KENTUCKY,,,,Y,
,The Oklahoman,,"$1,250",82,81,News,1-2 Weeks,N,Y,N,OKLAHOMA,,,,Y,
,Palm Beach Post,,"$1,250",84,81,News,1-2 Weeks,N,Y,N,FLORIDA,,,,Y,
,North Jersey News,,"$1,250",78,82,News,1-2 Weeks,N,Y,N,NEW JERSEY,,,,Y,
,The Des Moines Register,,"$1,250",82,82,News,1-2 Weeks,N,Y,N,IOWA,,,,Y,
,Cincinnati News,,"$1,250",84,82,News,1-2 Weeks,N,Y,N,OHIO,,,,Y,
,The Columbus Dispatch,,"$1,250",79,83,News,1-2 Weeks,N,Y,N,OHIO,,,,Y,
,Indianapolis Star,,"$1,250",83,83,News,1-2 Weeks,N,Y,N,INDIANA,,,,Y,
,The Tennessean,,"$1,250",83,84,News,1-2 Weeks,N,Y,N,TENNESSEE,,,,Y,
,Milwaukee Journal Sentinel,,"$1,250",89,85,News,1-2 Weeks,N,Y,N,WISCONSIN,,,,Y,
,Worcester Telegram,,"$1,250",81,86,News,1-2 Weeks,N,Y,N,MASSACHUSETTS,,,,Y,
,Detroit Free Press,,"$1,250",91,86,News,1-2 Weeks,N,Y,N,MICHIGAN,,,,Y,
,Arizona Central,,"$1,250",90,87,News,1-2 Weeks,N,Y,N,ARIZONA,,,,Y,
,CantonRep,,"$1,250",80,75,News,1-2 Weeks,N,Y,N,OHIO,,,,Y,
,Akron Beacon Journal,,"$1,250",80,77,News,1-2 Weeks,N,Y,N,OHIO,,,,Y,
,Caller Times,,"$1,250",77,73,News,2-3 Weeks,N,Y,N,GLOBAL,,,,,
,Edge Middle East,,"$1,250",66,66,News,1-2 Weeks,N,Y,N,UAE,,,,Y,
,ITP.live,,"$1,250",35,42,News,1-2 Weeks,N,Y,N,GLOBAL,,,,Y,
,Elle India,,"$1,250",68,70,Fashion,1 Week,N,Y,Y,INDIA,,Y,,,
,Rolling Stone (UK),,"$1,250",61,67,Music,1-2 Weeks,Discreet,Y,Y,UNITED KINGDOM,,,Y,Y,
,Elite Daily,,"$1,250",89,84,Lifestyle,1-2 Weeks,N,Y,N,UNITED STATES,,,,,
,Romper,,"$1,250",77,79,Lifestyle,1-2 Weeks,N,Y,N,UNITED STATES,,,,,
,Bustle,,"$1,250",92,89,Lifestyle,1-2 Weeks,N,Y,N,UNITED STATES,,,,,
,The Zoe Report,,"$1,250",77,80,Fashion,1-2 Weeks,N,Y,N,UNITED STATES,,,,,
,Fatherly,,"$1,250",80,79,News,1-2 Weeks,N,Y,N,UNITED STATES,,,,,
,Nylon,,"$1,250",77,80,News,1-2 Weeks,N,Y,N,UNITED STATES,,,,,
,Inverse,,"$1,250",83,83,News,1-2 Weeks,N,Y,N,UNITED STATES,,,,,
,Mic,,"$1,250",84,83,News,1-2 Weeks,N,Y,N,UNITED STATES,,,,,
,Scary Mommy,,"$1,250",80,79,Lifestyle,1-2 Weeks,N,Y,N,UNITED STATES,,,,,
,Success.com,,"$1,250",80,80,News,6-8 Weeks,Discreet,Y,N,UNITED STATES,,,,,
,Elle Canada (1 Year Lifespan),,"$1,250",68,74,Fashion,2 Weeks,N,Y,Y,CANADA,,,,,
,El Paso Times,,"$1,250",77,75,News,1-2 Weeks,N,Y,N,TEXAS,,,,Y,
,Greenville Online,,"$1,250",77,76,News,1-2 Weeks,N,Y,N,SOUTH CAROLINA,,,,Y,
,Shelby Star,,"$1,250",60,61,News,1-2 Weeks,N,Y,N,NORTH CAROLINA,,,,Y,
,Chambersburg Public Opinion,,"$1,250",61,61,News,1-2 Weeks,N,Y,N,PENNSYLVANIA,,,,Y,
,Hanover Evening Sun,,"$1,250",60,62,News,1-2 Weeks,N,Y,N,PENNSYLVANIA,,,,Y,
,Zanesville Times Recorder,,"$1,250",65,62,News,1-2 Weeks,N,Y,N,OHIO,,,,Y,
,Oshkosh Northwestern,,"$1,250",61,64,News,1-2 Weeks,N,Y,N,WISCONSIN,,,,Y,
,Lebanon Daily News,,"$1,250",66,64,News,1-2 Weeks,N,Y,N,PENNSYLVANIA,,,,Y,
,FDL Reporter,,"$1,250",62,65,News,1-2 Weeks,N,Y,N,WISCONSIN,,,,Y,
,The Daily Journal,,"$1,250",63,65,News,1-2 Weeks,N,Y,N,NEW JERSEY,,,,Y,
,Livingston Daily,,"$1,250",61,66,News,1-2 Weeks,N,Y,N,MICHIGAN,,,,Y,
,Milford Daily News,,"$1,250",61,66,News,1-2 Weeks,N,Y,N,MASSACHUSETTS,,,,Y,
,The Town Talk,,"$1,250",62,66,News,1-2 Weeks,N,Y,N,LOUISIANA,,,,Y,
,Sheboygan Press,,"$1,250",62,66,News,1-2 Weeks,N,Y,N,WISCONSIN,,,,Y,
,Burlington County Times,,"$1,250",66,66,News,1-2 Weeks,N,Y,N,NEW JERSEY,,,,Y,
,Columbia Daily Herald,,"$1,250",65,66,News,1-2 Weeks,N,Y,N,TENNESSEE,,,,Y,
,The Monroe News,,"$1,250",61,67,News,1-2 Weeks,N,Y,N,MICHIGAN,,,,Y,
,Taunton Daily Gazette,,"$1,250",63,67,News,1-2 Weeks,N,Y,N,MASSACHUSETTS,,,,Y,
,Ithaca Journal,,"$1,250",63,67,News,1-2 Weeks,N,Y,N,NEW YORK,,,,Y,
,Hattiesburg American,,"$1,250",66,67,News,1-2 Weeks,N,Y,N,MISSISSIPPI,,,,Y,
,Leesburg Daily Commercial,,"$1,250",71,67,News,1-2 Weeks,N,Y,N,FLORIDA,,,,Y,
,Star Gazette,,"$1,250",61,68,News,1-2 Weeks,N,Y,N,NEW YORK,,,,Y,
,The Times Herald,,"$1,250",66,68,News,1-2 Weeks,N,Y,N,MICHIGAN,,,,Y,
,The Leaf Chronicle,,"$1,250",70,68,News,1-2 Weeks,N,Y,N,TENNESSEE,,,,Y,
,Press Connects,,"$1,250",68,68,News,1-2 Weeks,N,Y,N,NEW YORK,,,,Y,
,The Hutchinson News,,"$1,250",71,68,News,1-2 Weeks,N,Y,N,KANSAS,,,,Y,
,Daily News Journal,,"$1,250",64,69,News,1-2 Weeks,N,Y,N,TENNESSEE,,,,Y,
,Newark Advocate,,"$1,250",61,70,News,1-2 Weeks,N,Y,N,OHIO,,,,Y,
,The Ames Tribune,,"$1,250",62,70,News,1-2 Weeks,N,Y,N,IOWA,,,,Y,
,Abilene Reporter News,,"$1,250",66,70,News,1-2 Weeks,N,Y,N,TEXAS,,,,Y,
,The Herald-Times,,"$1,250",63,70,News,1-2 Weeks,N,Y,N,INDIANA,,,,Y,
,Houma Today,,"$1,250",62,70,News,1-2 Weeks,N,Y,N,LOUISIANA,,,,Y,
,The News Leader,,"$1,250",62,70,News,1-2 Weeks,N,Y,N,VIRGINIA,,,,Y,
,Jackson Sun,,"$1,250",66,70,News,1-2 Weeks,N,Y,N,TENNESSEE,,,,Y,
,Battle Creek Enquirer,,"$1,250",66,70,News,1-2 Weeks,N,Y,N,MICHIGAN,,,,Y,
,The Star Press,,"$1,250",66,70,News,1-2 Weeks,N,Y,N,INDIANA,,,,Y,
,VV Daily Press,,"$1,250",68,70,News,1-2 Weeks,N,Y,N,CALIFORNIA,,,,Y,
,Gaston Gazette,,"$1,250",69,70,News,1-2 Weeks,N,Y,N,NORTH CAROLINA,,,,Y,
,GoSanAngelo,,"$1,250",74,70,News,1-2 Weeks,N,Y,N,TEXAS,,,,Y,
,Petoskey News-Review,,"$1,250",62,71,News,1-2 Weeks,N,Y,N,MICHIGAN,,,,Y,
,Beaver County Times,,"$1,250",63,71,News,1-2 Weeks,N,Y,N,PENNSYLVANIA,,,,Y,
,Times Record,,"$1,250",62,71,News,1-2 Weeks,N,Y,N,ARKANSAS,,,,Y,
,The News Star,,"$1,250",66,71,News,1-2 Weeks,N,Y,N,LOUISIANA,,,,Y,
,The Spectrum,,"$1,250",68,71,News,1-2 Weeks,N,Y,N,UTAH,,,,Y,
,The Bulletin,,"$1,250",70,71,News,1-2 Weeks,N,Y,N,CONNECTICUT,,,,Y,
,Wichita Falls Times-Record-News,,"$1,250",70,71,News,1-2 Weeks,N,Y,N,TEXAS,,,,Y,
,New Jersey Herald,,"$1,250",71,71,News,1-2 Weeks,N,Y,N,NEW JERSEY,,,,Y,
,Visalia Times-Delta,,"$1,250",74,71,News,1-2 Weeks,N,Y,N,CALIFORNIA,,,,Y,
,Holland Sentinel,,"$1,250",63,72,News,1-2 Weeks,N,Y,N,MICHIGAN,,,,Y,
,Utica Observer Dispatch,,"$1,250",64,72,News,1-2 Weeks,N,Y,N,NEW YORK,,,,Y,
,Amarillo Globe-News,,"$1,250",65,72,News,1-2 Weeks,N,Y,N,TEXAS,,,,Y,
,Iowa City Press-Citizen,,"$1,250",69,72,News,1-2 Weeks,N,Y,N,IOWA,,,,Y,
,Panama City News-Herald,,"$1,250",68,72,News,1-2 Weeks,N,Y,N,FLORIDA,,,,Y,
,The Pueblo Chieftain,,"$1,250",69,72,News,1-2 Weeks,N,Y,N,COLORADO,,,,Y,
,Enterprise News,,"$1,250",70,72,News,1-2 Weeks,N,Y,N,MASSACHUSETTS,,,,Y,
,Delmarva Now,,"$1,250",70,72,News,1-2 Weeks,N,Y,N,NEW MEXICO,,,,Y,
,Morris County Daily Record,,"$1,250",67,73,News,1-2 Weeks,N,Y,N,NEW JERSEY,,,,Y,
,Fosters Daily Democrat,,"$1,250",66,73,News,1-2 Weeks,N,Y,N,NEW HAMPSHIRE,,,,Y,
,Ocala StarBanner,,"$1,250",66,73,News,1-2 Weeks,N,Y,N,FLORIDA,,,,Y,
,Recordnet.com,,"$1,250",66,73,News,1-2 Weeks,N,Y,N,CALIFORNIA,,,,Y,
,Tuscaloosa News,,"$1,250",68,73,News,1-2 Weeks,N,Y,N,ALABAMA,,,,Y,
,GoUpstate,,"$1,250",68,73,News,1-2 Weeks,N,Y,N,SOUTH CAROLINA,,,,Y,
,Northwest Florida Daily News,,"$1,250",69,73,News,1-2 Weeks,N,Y,N,FLORIDA,,,,Y,
,St. Cloud Times,,"$1,250",71,73,News,1-2 Weeks,N,Y,N,MINNESOTA,,,,Y,
,Palmbeach Daily News,,"$1,250",73,73,News,1-2 Weeks,N,Y,N,FLORIDA,,,,Y,
,Phillyburbs,,"$1,250",70,73,News,1-2 Weeks,N,Y,N,PENNSYLVANIA,,,,Y,
,St. Augustine Record,,"$1,250",71,73,News,1-2 Weeks,N,Y,N,FLORIDA,,,,Y,
,Rockford Register Star,,"$1,250",71,73,News,1-2 Weeks,N,Y,N,ILLINOIS,,,,Y,
,Fall River Herald News,,"$1,250",63,74,News,1-2 Weeks,N,Y,N,MASSACHUSETTS,,,,Y,
,Columbia Daily Tribune,,"$1,250",66,74,News,1-2 Weeks,N,Y,N,MISSOURI,,,,Y,
,The Augusta Chronicle,,"$1,250",67,74,News,1-2 Weeks,N,Y,N,GEORGIA,,,,Y,
,Shreveport Times,,"$1,250",67,74,News,1-2 Weeks,N,Y,N,LOUISIANA,,,,Y,
,Herald-Mail Media,,"$1,250",70,74,News,1-2 Weeks,N,Y,N,MARYLAND,,,,Y,
,Courier & Press,,"$1,250",69,74,News,1-2 Weeks,N,Y,N,INDIANA,,,,Y,
,MetroWest Daily News,,"$1,250",70,74,News,1-2 Weeks,N,Y,N,MASSACHUSETTS,,,,Y,
,Las Cruces Sun-News,,"$1,250",72,74,News,1-2 Weeks,N,Y,N,NEW MEXICO,,,,Y,
,Kitsap Sun,,"$1,250",71,74,News,1-2 Weeks,N,Y,N,WASHINGTON STATE,,,,Y,
,Great Falls Tribune,,"$1,250",72,74,News,1-2 Weeks,N,Y,N,MONTANA,,,,Y,
,South Coast Today,,"$1,250",68,75,News,1-2 Weeks,N,Y,N,MASSACHUSETTS,,,,Y,
,South Jersey Courier Post,,"$1,250",68,75,News,1-2 Weeks,N,Y,N,NEW JERSEY,,,,Y,
,The Patriot Ledger,,"$1,250",67,75,News,1-2 Weeks,N,Y,N,MASSACHUSETTS,,,,Y,
,Athens Banner-Herald,,"$1,250",69,75,News,1-2 Weeks,N,Y,N,GEORGIA,,,,Y,
,Pensacola News Journal,,"$1,250",73,75,News,1-2 Weeks,N,Y,N,FLORIDA,,,,Y,
,Times Herald-Record,,"$1,250",73,75,News,1-2 Weeks,N,Y,N,NEW YORK,,,,Y,
,Wilmington Star-News,,"$1,250",73,75,News,1-2 Weeks,N,Y,N,NORTH CAROLINA,,,,Y,
,South Bend Tribune,,"$1,250",73,75,News,1-2 Weeks,N,Y,N,INDIANA,,,,Y,
,The State Journal-Register,,"$1,250",74,75,News,1-2 Weeks,N,Y,N,ILLINOIS,,,,Y,
,Daytona Beach News-Journal,,"$1,250",69,76,News,1-2 Weeks,N,Y,N,FLORIDA,,,,Y,
,The Poughkeepsie Journal,,"$1,250",70,76,News,1-2 Weeks,N,Y,N,NEW YORK,,,,Y,
,Argus Leader,,"$1,250",68,76,News,1-2 Weeks,N,Y,N,SOUTH DAKOTA,,,,Y,
,The Register-Guard,,"$1,250",71,76,News,1-2 Weeks,N,Y,N,OREGON,,,,Y,
,VC Star,,"$1,250",73,76,News,1-2 Weeks,N,Y,N,CALIFORNIA,,,,Y,
,Cape Cod Times,,"$1,250",68,77,News,1-2 Weeks,N,Y,N,MASSACHUSETTS,,,,Y,
,Sea Coast Online,,"$1,250",73,77,News,1-2 Weeks,N,Y,N,NEW HAMPSHIRE,,,,Y,
,Savannah Morning News,,"$1,250",72,77,News,1-2 Weeks,N,Y,N,GEORGIA,,,,Y,
,Lakeland Ledger,,"$1,250",73,77,News,1-2 Weeks,N,Y,N,FLORIDA,,,,Y,
,The Topeka Capital-Journal,,"$1,250",73,77,News,1-2 Weeks,N,Y,N,KANSAS,,,,Y,
,Treasure Coast News,,"$1,250",74,77,News,1-2 Weeks,N,Y,N,FLORIDA,,,,Y,
,Pocono Record,,"$1,250",67,72,News,1-2 Weeks,N,Y,N,PENNSYLVANIA,,,,Y,
,Lansing State Journal,,"$1,250",70,76,News,1-2 Weeks,N,Y,N,MICHIGAN,,,,Y,
,Mansfield News Journal,,"$1,250",64,68,News,1-2 Weeks,N,Y,N,OHIO,,,,Y,
,Robb Report Mexico,,"$1,250",44,56,News,1-2 Weeks,N,Y,N,MEXICO,,,,,
,InStyle Mexico,,"$1,250",58,58,News/Fashion,1-2 Weeks,N,Y,N,MEXICO,,,,,
,Elle Quebec,,"$1,250",54,64,Fashion,1 Week,N,Y,Y,CANADA,,,,,
,Wisconsin State Journal,,"$1,250",87,81,News,1 Week,N,Y,Y,WISCONSIN,,Y,Y,Y,
,Robb Report Mexico (English Language),,"$1,250",44,56,News,1-2 Weeks,N,Y,N,MEXICO,,,,Y,
Lowered,Due.com (Syndicates to MSN),,"$1,250",80,77,News,1 Week,N,Y,Y,UNITED STATES,,,,,
New,Robb Report (Africa),,"$1,250",83,84,News,1-2 Weeks,N,Y,Y,UNITED STATES,,,,,
New (Posted in German),Nieuwdezeweek,,"$1,250",25,17,Luxury,1-2 Weeks,Y,Y,Y,UNITED STATES,,,,Y,Y
,Forbes (Turkey) ,,"$1,500",31,36,News,1 Week,N,Y,N,TURKEY,,,,,
,Times of Israel,,"$1,500",91,91,News,3-5 Days,Y,M,N,ISREAL,Y,Y,,Y,
,Marie Claire Ukraine (+ IG Post),,"$1,500",47,53,Fashion,1 Week,N,Y,Y,UKRAINE,,,,,
Raised,PIX11,,"$1,500",82,80,News,1 Week,Y,Y,N,NEW YORK,,,,,
,LA Times (Sponsored),,"$1,500",93,92,News,2-4 Weeks,Y,Y,N,CALIFORNIA,,,Y,Y,
Updated TAT,Muscle & Fitness (Includes Social Post),,"$1,500",85,78,Lifestyle,2-3 Weeks,N,Y,Y,UNITED STATES,,,,,
,Harper's Bazaar (Turkey),,"$1,500",31,50,Fashion,1 Week,N,Y,Y,TURKEY,,,,,
Updated TAT,Esquire (Turkey),,"$1,500",33,46,Fashion,2-3 Weeks,N,Y,N,TURKEY,,,,,
Updated TAT,GQ (Turkey),,"$1,500",44,56,Fashion,2-3 Weeks,N,Y,N,TURKEY,,,,,
Updated TAT,Vogue (Turkey),,"$1,500",53,64,Fashion,2-3 Weeks,N,Y,N,TURKEY,,,,,
,Top Gear (Middle East),,"$1,500",12,10,Lifestyle,1-2 Weeks,N,Y,N,MIDDLE EAST / UAE,,,,,
,The Canberra Times,,"$1,500",85,80,News,1 Week,N,Y,Y,AUSTRALIA,1.25x Cost,1.25x Cost,1.25x Cost,1.25x Cost,1.25x Cost
,Wicked Local,,"$1,500",81,81,News,1-2 Weeks,N,Y,N,MASSACHUSETTS,,,,,
,Independent-Mail,,"$1,500",69,70,News,1-2 Weeks,N,Y,N,SOUTH CAROLINA,,,,Y,
,Aberdeen News,,"$1,500",63,66,News,1-2 Weeks,N,Y,N,VIRIGINA,,,,Y,
,Springfield News Leader,,"$1,500",78,76,News,1-2 Weeks,N,Y,N,MISSOURI,,,,,
,Grazia Middle East,,"$1,500",71,74,Fashion,1 Week,N,Y,N,MIDDLE EAST,,,,Y,
,CEO Middle East,,"$1,500",23,52,News,1-2 Weeks,N,Y,N,UAE,,,,Y,
,Masala,,"$1,500",60,55,News,1-2 Weeks,N,Y,N,UAE,,,,Y,
,Cosmopolitan Middle East,,"$1,500",57,65,News,1-2 Weeks,N,Y,N,UAE,,,,Y,
,Watch Pro,,"$1,500",52,68,News,1-2 Weeks,N,Y,N,UAE,,,,Y,
,Esquire Middle East,,"$1,500",69,71,News,1-2 Weeks,N,Y,N,UAE,,,,Y,
,Harper's Bazaar Arabia,,"$1,500",66,74,News,1-2 Weeks,N,Y,N,UAE,,,,Y,
,Construction Week Online,,"$1,500",62,74,News,1-2 Weeks,N,Y,N,UAE,,,,Y,
,Arabian Business ,,"$1,500",85,80,News,1-2 Weeks,N,Y,N,UAE,,,,,
Updated TAT,Perez Hilton,,"$1,500",88,77,Entertainment,1-3 Days,N,Y,Y,UNITED STATES,,,,,
,Windsor Star,,"$1,500",82,75,News,4-6 Weeks,Y,Y,N,CANADA,,,,Y,
,Canada.com,,"$1,500",77,81,News,4-6 Weeks,Y,Y,N,CANADA,,,,Y,
,Toronto Sun,,"$1,500",88,82,News,4-6 Weeks,Y,Y,N,CANADA,,,,Y,
,Vancouver Sun,,"$1,500",86,84,News,4-6 Weeks,Y,Y,N,CANADA,,,,Y,
,The Province,,"$1,500",73,76,News,4-6 Weeks,Y,Y,N,CANADA,,,,Y,
,Montreal Gazette,,"$1,500",84,81,News,4-6 Weeks,Y,Y,N,CANADA,,,,Y,
,The Star Phoenix,,"$1,500",81,74,News,4-6 Weeks,Y,Y,N,CANADA,,,,Y,
,Edmonton Journal,,"$1,500",84,79,News,4-6 Weeks,Y,Y,N,CANADA,,,,Y,
,Ottawa Citizen,,"$1,500",85,81,News,4-6 Weeks,Y,Y,N,CANADA,,,,Y,
,Canoe.com,,"$1,500",82,73,News,4-6 Weeks,Y,Y,N,CANADA,,,,Y,
,Sports Illustrated (Contributor),,"$1,500",92,88,News,2-3 Weeks,N,Y,Y,UNITED STATES,,Y,,,
,Edmonton Sun,,"$1,500",70,71,News,4-6 Weeks,Y,Y,N,CANADA,,,,Y,
,Ottawa Sun,,"$1,500",73,72,News,4-6 Weeks,Y,Y,N,CANADA,,,,Y,
,Leader Post,,"$1,500",72,74,News,4-6 Weeks,Y,Y,N,CANADA,,,,Y,
,Calgary Sun,,"$1,500",74,72,News,4-6 Weeks,Y,Y,N,CANADA,,,,Y,
,National Post,,"$1,500",90,86,News,4-6 Weeks,Y,Y,N,CANADA,,,,Y,
,Calgary Herald,,"$1,500",85,81,News,4-6 Weeks,Y,Y,N,CANADA,,,,Y,
,Financial Post,,"$1,500",88,86,News,4-6 Weeks,Y,Y,N,CANADA,,,,Y,
,Bitcoin.com (Press Release),,"$1,500",88,88,Crypto,3 Days,Discreet,Y,N,GLOBAL,,,,Y,
,IGN (Nordic),,"$1,500",92,88,Technology ,3-5 Days,Discreet,Y,N,NORDIC,,Y,Y,Y,Y
,The Independent,,"$1,500",94,91,News,2 Weeks,Discreet,Y,N,UNITED KINGDOM,,Y,Y,Y,
,Tough Jobs,,"$1,500",15,19,News,1 Week,N,Y,N,UNITED STATES,,,,,
,Investing.com,,"$1,500",90,88,Business,1-2 Weeks,N,Y,N,UNITED STATES,,,,Y,
,Forbes Israel,,"$1,500",51,70,News,1-2 Weeks,Discreet,Y,Y,ISRAEL,,,,,
,The Big Lead,,"$1,500",78,72,Sports,1-2 Weeks,N,Y,Y,UNITED STATES,,Y,,,
Lowered,Inman.com (Contributor),,"$1,500",76,83,Real Estate,2-3 Weeks,N,Y,N,UNITED STATES,,,,,
New,Entrepreneur (UK),,"$1,500",92,91,Tech,1 Week,N,Y,Y,UNITED STATES,,,,,
New,Entrepreneur (Middle East),,"$1,500",92,91,News,1 Week,N,Y,Y,UNITED STATES,,,,,
,Digital Trends,,"$1,750",92,90,Tech,1-2 Weeks,N,Y,N,UNITED STATES,,,,,
,Village Voice (DO-FOLLOW),,"$1,750",85,82,Lifestyle,1 Day,N,Y,Y,UNITED STATES,,Y,Y,Y,Y
,Bust Magazine (DO-FOLLOW),,"$1,750",73,74,Lifestyle,1 Day,N,Y,Y,GLOBAL,,Y,Y,Y,Y
,Irvine Weekly (DO-FOLLOW),,"$1,750",35,49,Lifestyle,1 Day,N,Y,Y,CALIFORNIA,,Y,Y,Y,Y
,LA Weekly (DO-FOLLOW),,"$1,750",76,84,Lifestyle,1 Day,N,Y,Y,CALIFORNIA,,Y,Y,Y,Y
,Galore Magazine + IG Post,,"$1,750",78,66,Lifestyle,1-3 Days,N,Y,Y,UNITED STATES,,,,,
,Clash Music,,"$1,750",76,75,Music,2-3 Weeks,N,Y,Y,UNITED STATES,,,,,
,Organic Coverage (NY Post / The Sun / The Mirror / Daily Star / Daily Mirror / The Express / Daily Mail),,"$1,800",94,86,News,3-4 Weeks,N,Y,N,UNITED KINGDOM,Y,,Y,Y,
,Mashable,,"$2,000",93,91,Tech,1-2 Weeks,Discreet,Y,N,UNITED STATES,,,,Y,
,CNET,,"$2,000",94,92,Tech,1-2 Weeks,Discreet,Y,N,UNITED STATES,,,,Y,
,ZDNET,,"$2,000",92,91,Tech,1-2 Weeks,Discreet,Y,N,UNITED STATES,,,,Y,
,Lifehacker,,"$2,000",92,90,Tech,1-2 Weeks,Discreet,Y,N,UNITED STATES,,,,Y,
,Extreme Tech,,"$2,000",86,82,Tech,1-2 Weeks,Discreet,Y,N,UNITED STATES,,,,Y,
,Spiceworks,,"$2,000",84,87,Tech,1-2 Weeks,Discreet,Y,N,UNITED STATES,,,,Y,
,Ask Men,,"$2,000",84,81,Tech,1-2 Weeks,Discreet,Y,N,UNITED STATES,,,,Y,
,Pitchfork,,"$2,000",89,85,Lifestyle,1-2 Weeks,N,Y,N,UNITED STATES,,,,,
,Them,,"$2,000",79,79,Lifestyle,1-2 Weeks,N,Y,N,UNITED STATES,,,,,
,Self,,"$2,000",90,87,Lifestyle,1-2 Weeks,N,Y,N,UNITED STATES,,,,,
,Allure,,"$2,000",90,87,Lifestyle,1-2 Weeks,N,Y,N,UNITED STATES,,,,,
,Bon Apptit,,"$2,000",88,90,Lifestyle,1-2 Weeks,N,Y,N,UNITED STATES,,,,,
,Teen Vogue,,"$2,000",89,86,Lifestyle,1-2 Weeks,N,Y,N,UNITED STATES,,,,,
,Architectural Digest,,"$2,000",87,89,Real Estate,1-2 Weeks,N,Y,N,UNITED STATES,,,,,
,Epicurious,,"$2,000",87,85,Lifestyle,1-2 Weeks,N,Y,N,UNITED STATES,,,,,
,Glamour,,"$2,000",90,87,Lifestyle,1-2 Weeks,N,Y,N,UNITED STATES,,,,,
,Cond Nast Traveler,,"$2,000",89,88,Lifestyle,1-2 Weeks,N,Y,N,UNITED STATES,,,,,
,Ars Technica,,"$2,000",92,90,Lifestyle,1-2 Weeks,Y,Y,N,UNITED STATES,,,,,
,PC World (Press Release),,"$2,000",91,88,Tech,3-5 Days,Y,Y,N,UNITED STATES,,,,Y,
,CIO (Press Release),,"$2,000",87,89,News,3-5 Days,Y,Y,N,UNITED STATES,,,,Y,
,Computer World (Press Release),,"$2,000",88,89,Tech,3-5 Days,N,Y,Y,UNITED STATES,,,,Y,
,Tech Hive (Press Release),,"$2,000",85,78,Tech,3-5 Days,N,Y,N,UNITED STATES,,,,Y,
,Info World (Press Release),,"$2,000",86,86,News,3-5 Days,Y,Y,N,UNITED STATES,,,,Y,
,Mac World (Press Release),,"$2,000",89,86,Tech,3-5 Days,Y,Y,N,UNITED STATES,,,,Y,
,Tech Advisor (Press Release),,"$2,000",89,81,Tech,3-5 Days,N,Y,N,UNITED STATES,,,,Y,
,Network World (Press Release),,"$2,000",84,85,Tech,3-5 Days,N,Y,N,UNITED STATES,,,,Y,
,CSO (Press Release),,"$2,000",85,87,News,3-5 Days,Y,Y,Y,UNITED STATES,,,,Y,
,Paper Mag,,"$2,000",82,80,Entertainment,1-3 Days,N,Y,N,UNITED STATES,,Y,Y,Y,Y
,Geekwire,,"$2,000",87,86,Tech,3-5 Days,Discreet,Y,N,GLOBAL,,,,,
,USA Today,,"$2,000",94,92,News,1-2 Weeks,N,Y,N,GLOBAL,,,,Y,
,Hollywood Life + IG Post,,"$2,000",90,80,Entertainment,5 Days,N,Y,M,CALIFORNIA,,Y,Y,,
,DailyTimes.com,,"$2,000",49,50,News,1-5 Days,Y,Y,Y,TEXAS,Y,Y,Y,Y,Y
,Herald-Zeitung.com,,"$2,000",57,61,News,1-5 Days,Y,Y,Y,TEXAS,Y,Y,Y,Y,Y
,BaytownSun.com,,"$2,000",54,56,News,1-5 Days,Y,Y,Y,TEXAS,Y,Y,Y,Y,Y
,CIO.com (Mention),,"$2,000",87,88,News,4-8 Weeks,N,Y,N,UNITED STATES,,,,,
,SeguinGazette.com,,"$2,000",94,49,News,1-5 Days,Y,Y,Y,TEXAS,Y,Y,Y,Y,Y
,TheParisNews.com,,"$2,000",54,49,News,1-5 Days,Y,Y,Y,TEXAS,Y,Y,Y,Y,Y
,Baycity Tribune,,"$2,000",42,37,News,1-5 Days,Y,Y,Y,TEXAS,Y,Y,Y,Y,Y
,LufkinDailyNews.com,,"$2,000",57,57,News,1-5 Days,Y,Y,Y,TEXAS,Y,Y,Y,Y,Y
,SwokNews.com,,"$2,000",58,60,News,1-5 Days,Y,Y,Y,OKLAHOMA,Y,Y,Y,Y,Y
,Galvnews.com,,"$2,000",66,72,News,1-5 Days,Y,Y,Y,TEXAS,Y,Y,Y,Y,Y
,TheFacts.com,,"$2,000",71,56,News,1-5 Days,Y,Y,Y,TEXAS,Y,Y,Y,Y,Y
,DailySentinel.com,,"$2,000",51,46,News,1-5 Days,Y,Y,Y,TEXAS,Y,Y,Y,Y,Y
New (Posted in German),IGN (Germany),,"$2,000",93,88,Entertainment,1-2 Weeks,Y,Y,Y,UNITED STATES,,,,Y,Y
,PC Mag,,"$2,250",92,91,Tech,1-2 Weeks,Discreet,Y,N,UNITED STATES,,,,,
Raised,Gulf News (Press Release),,"$2,250",90,85,News,1-2 Weeks,N,Y,Y,UAE,,,,,
,BizJournals.com (New York),,"$2,250",92,91,Business,1-2 Weeks,Discrete,Y,N,UNITED STATES,,,,,
,BizJournals.com (Los Angeles),,"$2,250",92,91,Business,1-2 Weeks,Dscirete,Y,N,UNITED STATES,,,,,
,Entrepreneur (Asia Pacific),,"$2,250",92,91,News,1-2 Weeks,N,Y,Y,ASIA PACIFIC,,,,Y,
,BizJournals.com (Dallas),,"$2,250",92,91,Business,1-2 Weeks,Discreet,Y,N,TEXAS,,,,,
,Thrive Global (Mention + Quote),,"$2,250",84,86,News,2-4 Weeks,N,Y,Y,UNITED STATES,,,,,
,BizJournals.com (Chicago),,"$2,250",92,91,Business,1-2 Weeks,Discreet,Y,N,CHICAGO,,,,,
,BizJournals.com (Miami),,"$2,250",92,91,Business,1-2 Weeks,Discreet,Y,N,MIAMI,,,,,
New,BizJournals.com (Washington DC),,"$2,250",92,91,Business,1-2 Weeks,Discreet,Y,N,UNITED STATES,,,,,
New,BizJournals.com (National),,"$2,250",92,91,Business,1-2 Weeks,Discreet,Y,N,UNITED STATES,,,,,
New,BizJournals.com (Silicon Valley),,"$2,250",92,91,Business,1-2 Weeks,Discreet,Y,N,UNITED STATES,,,,,
New,BizJournals.com (Seattle),,"$2,250",92,91,Business,1-2 Weeks,Discreet,Y,N,UNITED STATES,,,,,
New,BizJournals.com (Atlanta),,"$2,250",92,91,Business,1-2 Weeks,Discreet,Y,N,UNITED STATES,,,,,
New,BizJournals.com (Honolulu) ,,"$2,250",92,91,Business,1-2 Weeks,Discreet,Y,N,UNITED STATES,,,,,
New,Billboard (Africa),,"$2,250",92,90,Music,1-2 Weeks,N,Y,Y,UNITED STATES,,,,,
,Life Without Andy,,"$2,500",45,57,News,1 Week,N,Y,Y,AUSTRALIA,,,,,
,Music Feeds,,"$2,500",69,71,Music,1 Week,N,Y,Y,AUSTRALIA,,,,,
,Maxim Full Feature ,,"$2,500",86,78,News/Fashion,1-3 Weeks,N,Y,N,NEW YORK,,Y,Y,Y,
Has a new URL,GamesBeat,,"$2,500",92,91,Gaming,1-2 Weeks,N,Y,Y,UNITED STATES,,,,Y,
,Venture Beat,,"$2,500",92,91,Tech,1 Week,N,Y,Y,GLOBAL,,,,Y,
,Consequence.net (Staff),,"$2,500",81,79,Music,1 Week,N,Y,N,NEW YORK,,,,,
,Bitcoin.com (Sponsored),,"$2,500",88,88,Crypto,3 Days,Y,Y,N,GLOBAL,,,,Y,
Lowered,US Weekly,,"$2,500",91,84,Lifestyle ,1 Week,Discreet,Y,N,GLOBAL,,Y,Y,Y,Y
New,Forbes Ukraine,,"$2,500",92,76,News,1-2 Weeks,Discreet,Y,N,UNITED STATES,,,,,
New,Wired,,"$2,500",92,92,Tech,1-2 Weeks,N,N,N,UNITED STATES,,,,,
,Saudia Gazette,,"$3,000",77,76,News,1 Week,Discreet,Y,N,UAE,,,,,
,"USA Today (50,000 Impressions)",,"$3,000",94,92,News,2-4 Weeks,N,Y,N,UNITED STATES,,,,Y,
,OK Magazine + Social Post,,"$3,000",81,75,Entertainment,1 Week,N,Y,Y,GLOBAL,,Y,Y,Y,Y
,The Epoch Times,,"$3,000",89,83,News,1-2 Weeks,N,Y,N,UNITED STATES,,,,,
,Radar Online + Social Post,,"$3,000",81,79,Entertainment ,1-3 Days,N,Y,Y,LOS ANGELES,,Y,Y,Y,Y
,Forbes (Italy),,"$3,500",56,77,News,2-3 Weeks,Y,Y,Y,ITALY,,,,,
,Forbes Australia,,"$3,500",48,70,Business,3-4 Weeks,N,Y,Y,AUSTRALIA,,,,,
,Paper Mag (DO-FOLLOW),,"$3,500",82,80,Entertainment,1-3 Days,N,Y,N,UNITED STATES,,Y,Y,Y,Y
,Sourcing Journal,,"$4,000",74,78,News,1-2 Weeks,N,Y,Y,GLOBAL,,,,,
,Foot Wear News,,"$4,000",84,80,Fashion,1-2 Weeks,N,Y,Y,GLOBAL,,,,,
,WWD,,"$4,000",87,87,Fashion,1-2 Weeks,N,Y,N,UNITED STATES,,,,,
,"USA Today (100,000 Impressions)",,"$4,000",94,92,News,2-4 Weeks,N,Y,N,UNITED STATES,,,,Y,
,Robb Report (Italy),,"$4,000",20,30,News,2-3 Weeks,N,Y,Y,ITALY,,,,,
,OK Magazine (Homepage 4 Weeks),,"$4,500",81,75,Entertainment,1 Week,Discreet,Y,Y,GLOBAL,,Y,Y,Y,Y
,Radar Online (Homepage 4 Weeks),,"$4,500",81,79,Entertainment ,1-3 Days,N,Y,Y,LOS ANGELES,,Y,Y,Y,Y
New,"Digital Trends + 50,000 Page Views",,"$4,500",92,90,Tech,1-2 Weeks,N,Y,N,UNITED STATES,,,,,
On Hold,Elle (UK),,"$5,000",91,90,Fashion,1-3 Weeks,Discrete,Y,N,UNITED KINGDOM,,,,,
,The Real Deal,,"$5,000",81,83,Real Estate,1-2 Weeks,Y,Y,N,UNITED STATES,,,,Y,
New,Digital Trends + IG Social Post,,"$5,000",92,90,Tech,1-2 Weeks,N,Y,N,UNITED STATES,,,,,
,Vogue (Ukraine),,"$5,500",60,71,Lifestyle,1-2 Weeks,N,Y,Y,UKRAINE,,,,,
,"USA Today (250,000 Impressions)",,"$6,000",94,92,News,2-4 Weeks,N,Y,N,UNITED STATES,,,,,
,Hypebeast (Australia),,"$6,500",88,86,News,1 Week,N,Y,Y,AUSTRALIA,,,,,
,Hypebae (Australia),,"$6,500",78,78,News,1 Week,Discrete,Y,Y,AUSTRALIA,,,,,
,Time.com,,"$6,500",94,92,News,2-4 Weeks,N,Y,N,UNITED STATES,,,,,
New,"Digital Trends + 100,000 Page Views",,"$6,500",92,90,Tech,1-2 Weeks,N,Y,N,UNITED STATES,,,,,
New,Digital Trends + 1 Week Homepage,,"$6,500",92,90,Tech,1-2 Weeks,N,Y,N,UNITED STATES,,,,,
,"Variety + (400,000 Guranateed Impressions)",,"$10,000",93,91,Lifestyle ,1-2 Weeks,N,Y,N,GLOBAL,,,,,
,Coindesk,,"$10,000",91,90,Tech,1-2 Weeks,Y,Y,N,NEW YORK,,,,,
,The Hollywood Reporter,,"$11,500",93,90,News,1-2 Weeks,N,Y,N,CALIFORNIA,,,Y,,
,"Rolling Stone + (400,000 Guranateed Impressions)",,"$12,500",92,90,Music,1-2 Weeks,Discreet,Y,N,UNITED STATES,,Y,Y,Y,
New,"Digital Trends + 250,000 Page Views",,"$12,500",92,90,Tech,1-2 Weeks,N,Y,N,UNITED STATES,,,,,
New,Variety + IG Social Post & Impressions,,"$17,500",93,91,Entertainment,1-2 Weeks,N,Y,N,UNITED STATES,,,,,
,Tech Crunch (Includes Social Post),,"$30,000",93,92,Lifestyle,2-3 Weeks,Y,Y,N,GLOBAL,,,,Y,
,"Wall Street Journal (500,000 Impressions)",,"$85,000",93,92,Business,3-4 Weeks,Y,Y,N,UNITED STATES,,,,,
,Bloomberg,,"$100,000",94,92,News,1 Month,Y,Y,Y,UNITED STATES,,Y,,Y,